name,email,city,phone,source
EUROVISCERNA SRL,a.i.agentieasia@g.ail.com,,+40725352584
Perfect Detailing Auto SRL,a.paraschiv61@yahoo.com,,+40734038528
NERTRANS CARGO SRL,a.zaharia@nertrans.com,Municipiul Galati,+40743159999,
AC AM ELA PROSPER SRL,ac_am2010@yahoo.com,,+40766217998
TEXCARGO SRL,accounting.texcargo@ponsa.com,Arad > MUNICIPIUL ARAD > ARAD,0257288035,
S.S.H. HIDROSERV S.A.,adela.condurache@hidroserv.ro,,+40741247994
ADER GLOBAL LOGISTIC SRL,adergloballogisticajofm@gmail.com,,
EDIL.PIERO SRL,adinacostan78@gmail.com,,+40767847713
ESPACK EUROLOGISTICA S.R.L.,adriana@auditsiexpertiza.ro,Dolj > MUNICIPIUL CRAIOVA > CRAIOVA,0741243435,
AEP INTERNATIONAL TRANSPORT S.R.L.,aepinternationaltrans@gmail.com,,+40784048899
FAMAROX COM SRL,agavriloaieamalia@yahoo.com,,+40749894852
D.E.C. CONSTRUCT SRL,albubianca31@yahoo.com,,+40732650770
ALEMIRCLEANING SRL,alemircleaning@gmail.com,,+40758694024
TASKFORCE LOGISTICS  S.R.L.,alex.gabriel.dragu@gmail.com,Timiș > MUNICIPIUL TIMISOARA > TIMISOARA,0735356054,
AGN MOVEMENT SRL,alex.hr@elec.ro,,+40749502502
TEUER INTL S.R.L.,alexandra.popa@teuer.ro,,+40752205919
SC SLCAM DELIVERY SRL,alexandru.micu@yahoo.com,Ilfov > MOGOSOAIA > MOGOSOAIA,0754949494,
S.C. RURAL ECONOMY SRL,alexticalo@gmail.com,,+40747148045
DIAVA CARS S.R.L.,alin_parvulescu@yahoo.com,,+40721783059
TRANS TRUCK SERVICES SRL,alinamesinschi@yahoo.com,,+40740133495
ALMINEC SOLUTION SRL,alminec.solution@gmail.com,,+40721400639
AMR PRESS BOX SRL,almos.simo@yahoo.com,,+40752173060
Alo Garage Solutions,alogaragesolutions@yahoo.com,,+40743428367
ALPHA FOOD DELIVERY SYSTEM S.R.L.,Alphafooddelivery@gmail.com,,+40799925065,
ALPHA SMART FOOD S.R.L.,alphasmartfood@yahoo.com,,+40721277762
ALPINA TEC LOGISTIC SRL,alpinateam.hr@gmail.com,Alba > ORAS CUGIR > CUGIR,0720085887,
alsoftrans logistics srl,alsoftrans_logistics@mail.ru,,+40754831721
ALUNU SRL,alunubals@yahoo.com,,+40740193270
GRAZIA S.R.L.,aly_grazy@yahoo.com,,+40766563880
CIOBI ALESSI TRANS SRL,alynusha2000@yahoo.com,,+40786603739
SC AMBIENT INTERMED SRL,ambientintermed@yahoo.com,,+40752119771
AUTOMOTORS FAI S.R.L.,anafilip71@yahoo.com,,
SOCIETATEA NATIONALA DE TRANSPORT GAZE NATURALE TRANSGAZ SA,anamaria.niculescu@transgaz.ro,MEDIAS,+40269801524,
SOCIETATEA PENTRU SERVICII DE MENTENANTA A RETELEI ELECTRICE DE TRANSPORT "SMART" SA,anca.dulgheru@smart-b.ro,,+40314257195,
MARCHIORI SPEDITION SRL,ancadiana82@yahoo.com,,+40742073022,
S.C. AUTOMOBILE BAVARIA S.R.L.,andreea.boboc@automobilebavaria.ro,,+40724200207
FISH TRANS LOGISTIC,andreea.iacob@fishtrans.ro,Darasti-Ilfov,+40215271807,
TRANSPORT CĂLĂTORI EXPRESS S.A.,andreea.mihalcea@ratph.ro,Prahova > MUNICIPIUL PLOIESTI > PLOIESTI,0244543751,
CHACHA SRL,andrei.iaver@yahoo.com,,+40723523309
DISTRIBUTIE ENERGIE OLTENIA S.A.,andrei.mitran1@distributieoltenia.ro,Craiova,+40372523231,
ANDROMEDA SERVICE SRL,andromedase@gmail.com,,+40257256858
AUTO LENIED A.N.M SRL,anvelope@autolenied.ro,,+40248510490
APOLLO PROBALAST SRL,apollo_probalast@yahoo.com,,+40766882482
ARANCA DELIVERY SRL,aranca@nicaerogroup.ro,,+40766530129,
ART GARAJ SERVICE SRL,artgarajservicesrl@yahoo.com,,+40724507409
ARTMAN SPEDITION SRL,artmanspedition@gmail.com,,+40756235469
ASCET COM SRL,ascetcom@yahoo.com,,+40754656656
ASOCIATIA EMOTII,asociatiaemotii@gmail.com,,+40743974300
Asociatia Keep Hope Alive,asociatiakeephopealive@gmai.com,,+40742972932
AS TRANS SRL,astrans@clicknet.ro,,+40250738492
ATHOS COM SRL,athosgrup@gmail.com,,+40260660654
CERES VENDOR SRL,attila.nagy@cere-s.ro,,+40753629697
CARGO TERRA S.R.L.,aurelia.mincu@cargogroup.ro,Municipiul Slobozia,+40722453410,
SC FUZSITUS TRANS SRL,autex68@gmail.com,,+40743483808
REIFEN CRISTIAN SRL,auto2transport@gmail.com,,+40769072278
Autoplax Center SRL,autoplax@gmail.com,,+40744374193
DN Gastrofam SRL,av.voicu@yahoo.com,,+40732466201
AUTO PIO SERVICE SRL,avram_dana76@yahoo.com,,+40740549259
COMPANIA NATIONALA POSTA ROMANA S.A BUCUREŞTI SUCURSALA BUCURESTI,b.resurseumane@ro.popst,,+40736705054
ADIMAD SRL,badisors@yahoo.com,,+40722443988
P&G Kraft Spedition,barbuteo1964@gmail.com,Pitești,0722232324,
BARNA LOGISTIC INSTAL S.R.L.,barnalogistic@gmail.com,Sat Tarian, Comuna Girisu de Cris,+40742630576,
SC ANVEBAS AUTO SRL,bass_bas2000@yahoo.com,,+40764584605
BCT TRANSPORT SRL,bct.transport@yahoo.ro,Timiș > GHIRODA,0755128990,
BELDANY CONSTRUCT SRL,beldanyconstruct@gmail.com,,+40753436921
MYBRA BER S.R.L.,berechetconstantin@yahoo.com,,+40724797170
ELECTRO-SERVICE DISTRIBUTIE SRL,biancaaasimion@gmail.com,Bucuresti Sectorul 3,+40250738743,https://genway.ro
ARAY BRICO DEPO SRL,birdeaelean@yahoo.com,,+40765049355
SC BIREME DELIVERY SRL,biremedelivery@gmail.com,Municipiul București > MUNICIPIUL BUCURESTI > BUCURESTI SECTORUL 4,0730 743 101,
VIS VLADISSHOP S.R.L.,birouvasilemarin@yahoo.com,,+40757455660
BOGDAN & GABRIEL EUROTRANSPORT,bogdan.gabriel.eurotransport@gmail.com,,+40767012080
PAKAN PRO WASH SRL,bogdanamihaela23@gmail.com,,+40732708769
S.C. SINEBO TOUR S.R.L.,bosinceanu.iulian@gmail.com,,+40745868899
BRT LOGISTICS EXPRESS S.R.L.,bretancasian90@gmail.com,,+40773959265,
BSY TRANSILVANIA TRANSPORT SRL,bsytransilvaniatransport@yahoo.com,,+40749993335,
JST RICAMBI SRL,butnaru.iustin@gmail.com,,+40747522257
BYAN LOGISTIC CEREAL,byanlogisticcereal@yahoo.com,,+40730775307
BYM AUTO LOGISTICS SRL,bymautologistics@gmail.com,Giurgiu > ROATA DE JOS > SADINA,0761657727,
ATS ALP TRANSPORT SRL,c_padurean@yahoo.com,,+40745257338
C&A FRACHT TRANSPORT LOGISTIK SRL,cafracht@yahoo.com,Giurgiu > OINACU > BRANISTEA,0246211452,
FMCG MARKETING DISTRIBUTIE SRL,camelia.panait@fmcgmanagement.ro,Municipiul București > MUNICIPIUL BUCURESTI > BUCURESTI SECTORUL 1,5296625,
CĂMINUL DE BĂTRÂNI HAPPY DAYS S.R.L.,caminuldebatranihappydays@gmail.co,,+40767640924
CARGO TRANS SRL,cargo.trans@yahoo.com,CISNADIE,,
Compania Nationala de Transporturi Aeriene Romane TAROM,cariera@tarom.ro,Otopeni,0212013803,
RK PUBLICITY S.R.L,carinareznek@yahoo.com,,+40733334008
CARITABIL SRL,caritabil@hotmail.com,,0269
AVANTI FOOD DELIVERY SRL,catabt2000@yahoo.com,Botoșani > MUNICIPIUL BOTOSANI > BOTOSANI,0741658657,
MADRISA WASH,catalin_tatiuc@yahoo.com,,+40730338633
MIRADA MOBILE AUTO S.R.L.,catalinciuca22@yahoo.com,,+40724557703
CTL & GEORGY SRL,catalind.costache@yahoo.com,,+40765892050
GABMAR TRANSPORT SRL,ceadirgeanuliliana@gmail,,+40724395480,
SC DYRP TRANS SRL,ceclanpaula@yahoo.com,,+40728926551
ERICSEM LOGISTIC S.R.L.,cerasela.tigau@gmail.com,Valea Mare Pravat,+40747633324,
EUROCIS LOGISTIC S.R.L.,cfiscalitate@gmail.com,Bucuresti Sectorul 3,+40731722000,
CHIMPROD SRL,chimprod94@gmail.com,,+40262223457
MG BROTHERS CONSULTING 777 S.R.L.,chiriac.marian92@gmail.com,,+40752979099
ADASPRO CALIBRATIONS TIM S.R.L.,clasebexpert@yahoo.com,,+40771242604
DAV PAN 03 SRL,clatinici.roxana@yahoo.com,,+40740787954
TURBOFLY TRANS SRL,cliofosvaleriu@gmail.com,,+40740256021
CNC SYSTEM,cnc.system@yahoo.com,,+40732116416
CNT FOREST SRL,cntforest@yahoo.com,,+40743031057
MOLDOVAN EVENTS S.R.L.,colcernastasiadelia@yahoo.com,,+40763648231
UZINA DE SPALAT SRL,constanta.sava@uzinadespalat.ro,,+40728700777
CONSTRUCT DRAGUS COM IMPEX SRL,constructdragus@yahoo.com,,+40724508593
TODORUT INTERNATIONAL SRL,consultingalpa@gmail.com,,+40256243737
CAT PLUS DELIVERY S.R.L.,conta.cristinasabau@gmail.com,Cluj > MUNICIPIUL CLUJ-NAPOCA > CLUJ-NAPOCA,0725926197,
DAVIS TRANSPORTURI FRIGORIFICE,conta@davistransport.ro,Bihor > MUNICIPIUL ORADEA > ORADEA,0727922908,
GHETEO DRIVING S.R.L.,conta@gtoarad.ro,,+40745588620
TRANS AVRAM SRL,conta@transavram.ro,,+40728233939
PIC INTERLOGISTIC SRL,contabiliategenova@gmail.com,,+40737899539,
RED FAST LOGISTICS SRL,contabilitate.redfast@gmail.com,PITESTI,,
AUTO TACT SRL,contabilitate@autotact.ro,,+40752192333
CUREA COMPANY SRL,contabilitate@cureacompany.ro,,+40722794790
MOIRA PIESE AUTO S.R.L.,contabilitate@dpat.ro,,+40754552112
DUROTERM SRL,contabilitate@duroterm.com,,+40751299738
SANDRA AUTOMOBILE S.R.L.,contabilitate@sandra.ro,,+40725800139
FQ BIOMAX CONSTRUCT SRL,contabilitatebiomax@gmail.com,,+40746929474
RECAUTOSOLUTION SRL,contabilitaterecauto@yahoo.com,,+40744266240
MIETTE S.R.L.,contact.miette@gmail.com,,+40747474972
SC AUTO CLEAN ZONE SRL,contact@abiaccounting.com,,+40744535199
CARGO SRL,contact@consolehotel.ro,Ialomița > MUNICIPIUL SLOBOZIA > SLOBOZIA,0722453346,
PASCU MARIAN LOGISTICS,contact@triorecruitment.com,Dolj > MALU MARE > PREAJBA,0727594266,
PALLETPRO LOGISTICS SRL,coraci.dana@gmail.cm,Dolj > MUNICIPIUL CRAIOVA > CRAIOVA,0722606618,
SC ALBA SPEDITION SRL,cordea.sorin@yahoo.com,Alba > MUNICIPIUL ALBA IULIA,0745664148,
VALEA PRAHOVEI SA,cordovidiu1956@yahoo.com,,+40723380148
TAXI DORNA PILUG S.R.L.,cornel_pilug@yahoo.com,,+40747314466
SC COS PETRANSPORT,costel.petronela@yahoo.com,,+40762392132,
LITTLE STAR SRL,covalciuci@yahoo.com,,+40729308186
COVORESCU S.R.L.,covorescuses@gmail.com,,+40771118118
LOGISTIKZENTRUM AUGSBURG CONTRANSPORT SRL,creditcontol@contransport.ro,,+40731150913
DAR CRIS COMMERCE BUSINESS,cristi_oprea1977@yahoo.com,,+40745016248
BCVO LOGISTICS SRL,cristian.codarean@bcvologistics.eu,Bistrița-Năsăud > MUNICIPIUL BISTRITA > VIISOARA,0732146782,
BTR MARKET SRL,cristianbatranca@yahoo.com,,+40763233683
Manifest SRL,cristina@salonmanifest.ro,,+40723322082
CTA TIR SPEDITION SRL,ctatir.ajofm@gmail.com,,+40744920662
BEST PERSONAL SERVICES SRL,cv@petrotel.lukoil.com,,+40244504000
NEMES CARPOINT SRL,daiannemes1@gmail.com,,+40751784191
DAMIANIS AUTO SERV SRL,damianiauto@gmail.com,,+40722208006
COMPANIA NATIONALA DE TRANSPORT AL ENERGIEI ELECTRICE TRANSELECTRICA SA SUCURSALA TERITORIALA DE TRANSPORT TIMISOARA,dana.pojoga@translectrica.ro,Timiș > MUNICIPIUL TIMISOARA > TIMISOARA,+40374508111,
GLOBAL METAL SYSTEM S.R.L.,danacolessa@yahoo.com,,+40755791200
TAXI ADI RAF S.R.L.,danalazar1975@gmail.com,,+40731294072
DANDAN TUR LOGISTIC SRL,dandantur78@yahoo.com,Cluj > MUNICIPIUL TURDA > TURDA,0740041523,
UNICARM SRL,daniel.gherhes@unicarm.ro,,+40747112940
LILI TRANSPORT PAN S.R.L.,daniel_pana@yahoo.com,Giurgiu > FRATESTI > REMUS,0744704405,
C.N.T.E.E. TRANSELECTRICA SA - SUCURSALA TERITORIALA DE TRANSPORT SIBIU,daniela.chiuia@transelectrica.ro,,+40269207120,
EU TRUCKING SERVICE S.R.L.,daniela.soare@ekol.com,,+40736107101
COMPUTER CONECTIONS SRL BOTOSANI,danielapantirasu@gmail.com,,+40723202560
DANY TRANSPORT COM SRL,dany_transportcom@yahoo.com,Municipiul Bucuresti,+40745049172,
DAS PROCONCEPT SRL,dasproconcept@gmail.com,,+40738713843
SC DAXIA AUTOCONCEPT SRL,daxia.auto@gmail.com,,+40745782357
DELIVERY4ALL SRL,delivery4allsrl@gmail.com,,+40732858717
DEN IL CRIS FRIGOTRANS SRL,denilcrisfrigotrans.87@gmail.com,,+40766922101
MIRESCU I. DENISIA ÎNTREPRINDERE INDIVIDUALĂ,denisamirescu16@gmail.com,,+40724520625
DENIZ INTER GLOBAL S.R.L.,deniz.interglobal@gmail.com,,+40749922928
DIVERS ECO TECH SRL,diversecotech@yahoo.com,,+40728283876
AGER VERITEK SOLUTIONS S.R.L.,dobrecristian655@gmail.com,,+40749934063
EDU MAGIC TRIPS SRL,doina_doina44@yhaoo.com,,+40757033835
DONEXCAV SRL,donexcav@yahoo.com,,+40761099100
AGRIMAYS SRL,doris_mihalcut@yahoo.com,,+40746917982
DST TRANSCOM ENERGY SRL,dst.transcom_energy@yahoo.com,,+40764448974
DUCU SERV SPEDITION,ducuserv@gmail.com,,+40736041611
S.C. TRANSMIH AUTO POWER SRL,dumitruovidiumihai1962@gmail.com,,+40763418389
CRISEDU LOGISTIC SRL,dumitucristicristea@gmail.com,Alba > IGHIU,0745044606,
S.C. DURAN TRUCKS SERVICE S.R.,durantrucksservice@gmail.com,,+40751303702
M T AUTOSERVICE SRL,dyxmihai@yahoo.com,,+40747020676
ECO TRANSPORT LOCAL S.R.L.,ecotransportlocal@gmail.com,,+40786182149,
TRANSCANAL SRL,elena.cioroiu@transcanal.ro,,+40241738028
CDA PITICOT SRL,elenaungureanu07@yahoo.com,,+40721173281
ELIEZER LOGISTIC S.R.L.,eliezerlogistic@gmail.com,Bistrița-Năsăud > MUNICIPIUL BISTRITA > BISTRITA,0728136542,
FLOMARIN ELISA GREEN S.R.L.,elysof.marin@gmail.com,,+40742133161
POMPILIAN SRL,emadiamary@yahoo.com,,+40742747928
name,email,city,phone,source
Curiera Transport Solutions SRL,emilia.van@curiera.ro,,+40785491111,
ERMIHANCOM TRANS SRL,erhanmia65@gmail.com,,+40234334246
S.C. KRK TRANSPORT S.R.L.,erturkcalina@yahoo.com,Arad > MUNICIPIUL ARAD > ARAD,0736701904,
DEUTSCHE BAHN CARGO ROMANIA SR,eva.cordo@deutschebahn.com,Gorj > ORAS TURCENI,0724212999,
RA-UF LOGISTIC S.R.L.,expertcontabilag@gmail.com,,+40745186188
S.C. EXPOCAR AUTO S.R.L.,expocar.auto@yahoo.com,,+40765119226
CRIS FP TRANS S.R.L.,f_petculescu@yahoo.com,,+40784049888
FAMOUS PRESTSERV SRL,famousprestserv@gmail.com,,+40745215391
TOP BBS CARGO SRL,fanutfanut184@yahoo.com,,+40755664291
FELAS COURIERS SRL,felascouriers@gmail.com,Mureș > MUNICIPIUL REGHIN,0749844901,
ANNA GROUP DELIVERY S.R.L.,financiar_agd@crescendogrup.ro,Municipiul Targu Jiu,+40744648202,
KEL HOUSE LOGISTIC S.R.L.,fineurocont@yahoo.com,Sat Stanilesti, Comuna Stanilesti,079977045,
KRITER S.R.L.,florescupop@yahoo.es,,+40264213400
FLASHGO DELIVERY SRL,florin_14_stefan94@yahoo.com,MUNICIPIUL CRAIOVA,+40769894899,
CC PRIOFURNITURE S.R.L.,florinaciubotariu@gmail.com,,+40756396411
HENRIK SKOV CHRISTENSEN TRANSPORT GROUP SRL,florina-krisch@hschristensen.ro,Cluj > MUNICIPIUL CLUJ-NAPOCA > CLUJ-NAPOCA,0364113331,
FOOD DELIVERY HAPPYDAY SRL,fooddeliveryhappyday@gmail.com,,+40739921175,
RARES VLAD COP SPEDITION SRL,gabi_copaci@yahoo.com,,+40735266557
GRITRANS SRL,gabi73gri@yahoo.com,,+40721233235
Societatea pentru Servicii de Mentenanta a Retelei Electrice de Transport Smart,gabriela.fodorean@smartcj.ro,Bucuresti,0264405552,
DISTRIBUTIE ENERGIE OLTENIA S.A.,gabriela.iliescu@distributieoltenia.ro,,+40730190246,
POPAS LOGISTICS CURIER SRL,gabrielionutpopa@gmail.com,,+40746118401,
GENERAL SERVICE CREATIV,generalservicecreativ@gmail.com,,+40724167087
RAGAMENT DANIEL ÎNTREPRINDERE INDIVIDUALA,georgiana.contabilitate@yahoo.com,,+40765285922
RECTIFICARI UNIVERSALE SRL,georgiana@rommc.ro,,+40724351212
GHEOTRANS SRL,gheotrans@yahoo.com,,+40761689491
GICU SERVICE AUTO SRL,gicuservice@yahoo.com,,+40741092888
DP. SITE SRL,giorgiana.dpsite@gmail.com,,+40764816265
S.C.GIROCOU LOGISTIC SRL,girocoulogistic@gmail.com,Brașov > VISTEA > VISTEA DE SUS,0762666040,
VEST MIRAUTO SRL,gj99van@yahoo.com,,+40765453201
GOLD MARI 2013 SRL,goldmari2013@yahoo.com,,+40744777330
GRIGORIUP SRL,grigorpetru@yahoo.com,,+40724046271
GRS TRAFFIC SOLUTIONS SRL,grstrafficsolutionssrl@gmail.com,,+40721656525
GVC COMPUTERS SRL,gvccomputers3@gmail.com,,+40230708380
ALI GABI AGROMIXT SRL,hadareancrucita@yahoo.com,,+40745566253
KX TEAMWORK SRL,hello@potstories.ro,,+40760656264
HOPY SRL,hopy_srl@yahoo.com,,+40744624877
TRANSPORT MONITOR CONTROL SRL,hr.romania@essers.com,,+40259476808
VOS LOGISTICS CARGO SA,hr.romania@voslogistics.com,Cluj > MUNICIPIUL CLUJ-NAPOCA > CLUJ-NAPOCA,0733071444,
ARABESQUE SRL,hr.tm@arabesque.ro,,+40751132596
AUTO BRAND SRL,hr@autobrand.ro,,+40744607344
CARBON LOGISTIC S.A.,hr@carbonlogistic.com,GIARMATA,+40738283974,
CARGO TRACK SOLUTIONS SRL,hr@cargotrack.ro,Bihor > MUNICIPIUL ORADEA > ORADEA,0756145228,
FAN COURIER EXPRESS SRL,hr@fancourier.ro,Ilfov > STEFANESTII DE JOS > STEFANESTII DE JOS,0219336000,
LANCETTI TRANSPORT SRL,hr@lancetti.ro,ORADEA,0748115346,
LOGICTRANS DISTRIBUŢIE S.R.L.,hr@logictrans.ro,,+40757479171
PALMEX CM SRL,hr@palmex.ro,,+40749878113
Pansiprod Distributie,hr@pansiprod.ro,Bucuresti,0722536795,
YUSEN LOGISTICS ROMANIA S.R.L.,hr@ro.yusen-logistics.com,Municipiul București > MUNICIPIUL BUCURESTI > BUCURESTI SECTORUL 6,0312292722,
T.B.T. LOGISTIC INTERNATIONAL SRL,hr@tbtlogistic.eu,Brașov > MUNICIPIUL BRASOV > BRASOV,0368/401350,
SUCIU VIOREL PERSOANA FIZICA A,hrsuciuviorel@outlook.com,,+40747915626
SILVER TRANS SRL,huihupdoina@yahoo.com,,+40764804334
EDY TRANS DRIVERS SRL,id_cars.flota@yahoo.com,,+40746631553
IKILER TRANSPORT SRL,ikilertransport@hotmail.com,,+40751867152
VERDE ELECTRIC CORPORATION S.R.L.,ileana.chiurciu@yahoo.ro,,+40725247539
PERFORMER CONTA SRL,ileana_birlea@yahoo.com,,+40726734920
DISTRIBUTIE ENERGIE ELECTRICA ROMANIA S.A.,ilie.raluca@distributie-energie.ro,CLUJ-NAPOCA,0264205018,
IMOMOVE EXPRESS SRL,imomove.express@gmil.com,,+40736819113
INFINITY DRIVE SRL,infoinfinitydrive@protonmail.com,,+40747307728
SC INTERABS LOGISTIC SRL,interabslogistic@gmail.com,Arad > MUNICIPIUL ARAD > ARAD,0740476221,
AUTOMED MULTISERV S.R.L.,intermed1991@gmail.com,,+40767640379
INVEST ECO MANAGEMENT S.R.L.,investecomanagement@gmail.com,,+40748933955
DOMIX TRANS SRL,invoices.domixtrans@gmail.com,,+40745626150
DISTRIBUTIE ENERGIE ELECTRICA ROMANIA S.A.,ioana.balazs@distributie-energie.ro,,+40264205434,
ZEN CORE INNOVATION S.R.L.,ioana_pia@yahoo.com,,+40744937943
DAN & VAS DEZ SRL,ioanacosmina@yahoo.com,,+40742089859
IOAN ANCUTA SRL,ioanancutavama@gmail.com,,+40744120479
MARIA SHIPPING AGENCY SRL,ionela.chirigiu@mariashipping.ro,Constanta,0742218018,
SC APA STEF SRL,ionutapa@yahoo.com,,+40744500748
SC MIS EXPERT DELIVERY SRL,ionutmoldovan63@yahoo.com,,+40740377158,
TRANSDONI LOGISTIC SRL,iordacheanamaria19@yahoo.com,Sat Geamana, Comuna Bradu,+40721903900,
CLOUD SYSTEMS SRL,irma.balint@gmail.com,,0740
SC DODI &amp; BEA DETAILS SRL,itp_albesti@yahoo.com,,+40755250004
MARVI LOGISTIC SRL,iulia.c@marvilogistic.ro,,+40753038465,
S.C. MATBAR CONSTRUCT SRL,iulian19_81@yahoo.com,,+40724461508
RDI GABRIEL CAR SERVICE SRL,iustin.rosoaga@yahoo.com,,074999323
KOALA LOGISTICS SRL,ivan_alexandradiana@yahoo.com,,+40734215171
HASINTO SRL,jacint.hasinto@gmail.com,,+40742163209
JAC & RAC TRANS SRL,jianuromeo@yahoo.com,,+40721712127
S.C. JILAVEANU TRANSCOMS.R.L,jilaveanutrans@yahoo.com,,+40720841827
JRT DELIVERY HUB S.R.L.,jrt.romania@gmail.com,Timiș > MUNICIPIUL TIMISOARA > TIMISOARA,+40 765 385 616,
JT LOGISTICSCONSULTING SRL,jtlogisticsro@yahoo.com,Giurgiu > MUNICIPIUL GIURGIU > GIURGIU,0722391958,
ENS BEAUTY INTERNATIONAL,karakayageta@gmail.com,,+40727777052
SMILE & FOOD DELIVERY S.R.L.,kemal602000@gmail.com,,+40728561731,
EDMONDWASH SRL,kleftiscom@gmail.com,,+40752897166
CLAUDIA & ALESSIA TRANS 2025 S.R.L.,koko_cristian@icloud.com,,+40757057475
ADM ROMANIA LOGISTICS S.R.L.,kontakt@id-logistics.com,Constanța > MUNICIPIUL CONSTANTA > CONSTANTA,0241603247,
KRS TRANSPORTER SRL,krstransporter@gmail.ro,,+40766274206
DANAIDE SRL,ks_expertcont17@yahoo.com,,+40762401560
KSC TRANSPORT SRL,ksc@ksc-transport.ro,Bihor > MUNICIPIUL ORADEA > ORADEA,0770104595,
S.C. EUROSPEED SRL,lacramioara@eurospeed.ro,,+40330780005
GTA LACTAS SRL,lactas02@yahoo.com,,+40736611046
PORT SHIPPING ENGINEERING S.R.L.,lavinia.ovezea@p-s-e.ro,Constanța > MUNICIPIUL CONSTANTA > CONSTANTA,0736594338,
DISTRIBUTIE ENERGIE OLTENIA S.A.,Lavinia.Teleaba@distributieoltenia.ro,,+40372524478,
SC TLH BOGAR SRL,lavinia_liuta@yahoo.com,,+40746573119
L & E SPEEDY DELIVERY S.R.L.,lespeedyd@gmail.com,,074,
LOGISTICS SERV SRL,lgs.serv@yahoo.com,Arad,+40745783279,
LICA AUTOSERV S.R.L.,lica.autoserv@gmail.com,,+40755509461
SENSE & RESULT CONSULTING SRL,ligia.craciun@ac-ca.ri,,+40758848484
LPS DELIVERY S.R.L.,lionpathdelivery@gmail.com,Municipiul București > MUNICIPIUL BUCURESTI > BUCURESTI SECTORUL 1,0738762033,
AXL TRANSPORTES AXL SRL,loredana.axltrans@gmail.com,Cluj > CUZDRIOARA > CUZDRIOARA,0770467305,
RUYU TRANSPORT SRL,loredana.ruyu@gmail.com,,+40770467305
SC TRANSPORTURI JOHN SRL,lucaciioan921@gmail.com,,+40731464540
SC.VÂRSTINICII - VESELI SRL-D,lucacirazvan78@gmail.com,,+40764663209
SC PRICHINDEL CLUB SRL,lucian.agapia@yahoo.com,,+40742314550
GIORGIO COM SRL,lucianoliniuc@yahoo.com,,+40756468266
KRAFT LOGISTIC SRL,lucretia.purenciu@kraft-logistic.com,Mureș > MUNICIPIUL SIGHISOARA > SIGHISOARA,0265/771307,
LICA AUTO LUX SRL,lyk.farcas81@gmail.com,,+40747575234
CROSS CARGO LOGISTICS SRL,m.pop@cross-cargo.eu,Covasna > OZUN > OZUN,0732530236,
BMN REZIDENT S.R.L.,mada.bog90@yahoo.com,,+40775621463
MADELI,madeli.constanta@gmail.com,,+40748835720
ARCESE TRANSPORT SRL,maria.danciu@contelit.ro,Cluj > MUNICIPIUL DEJ > DEJ,0727328838,
UNICARM SRL,marian.spirache@unicarm.ro,,+40753315264
DRUMURI ŞI PODURI SA,mariana.gica@drumuripodurisibiu.ro,,+40269210095
MARIAN CĂTĂ COMPANY 2008 SRL,mariancata@yahoo.com,,+40720700317
MARIDOR TRANSPORT SRL,maridortransport@yahoo.com,Sat Tomsani, Comuna Tomsani,+40250863709,
SC.ERIC&DARIUS S.R.L.,mario_ali@yahoo.com,,+40765381698
ROMSTAL IMEX SRL,marius.moisa@romstal.ro,,+40734455523
ERMAGIL S.R.L.,mariuserhan@yahoo.com,,+40747605364
A C EXPEDITION S.R.L.,matei_claudiu1977@yahoo.com,,+40766363564
S.C. MATEPRIM CARGO S.R.L.,mateprim.cargo@gmail.com,,+40743863937
SAVA LOGISTIC SRL,mbufnea@nervia.ro,Cluj > MUNICIPIUL CLUJ-NAPOCA > CLUJ-NAPOCA,0751513173,
MERCA FOODS GMG SRL,mercafoods@yahoo.com,,+40744543330
EXPRES MERCUR SPEDITION SRL,mercursped@gmail.com,,+40744576692,
METAMOB SRL,metamob@metamob.ro,,+40261711511
MEZ TRANSPORT SRL,mezdrea_dragos@yahoo.com,,+40740766968,
SC MIGATRAK TRANS SRL,migatrak.trans@yahoo.com,,+40766103379
HAGAG DISTRIBUTIE SI FURNIZARE S.R.L.,mihaela.avram@btdgaz.ro,Municipiul București > MUNICIPIUL BUCURESTI > BUCURESTI SECTORUL 1,0799734317,
RACE DELIVERY SRL,mihaela.baila@octogonhr.ro,,+40720333068,
MARADI LOGISTIC,mihaela.basturea@gmail.com,,+40722922830,
FLY SPED ACTIV S.R.L.,mihaela.stoica38@yahoo.com,,07 666 456 708
SELGROS CASH CARRY SRL,mihaela.vranceanu@selgros.ro,,+40234209114
VLADIS DELIVERY SRL,mihaela_serban81@yahoo.com,,+40736781962
A.A.A.R.M. SRL,mihaeladeliu@yahoo.com,,+40745209533
AUTO WASH IMPEX SRL,mihaelan63@gmail.com,,+40769658762
DISTRIBUTIE ENERGIE OLTENIA S.A.,mihai.ionescu@evryo.ro,,+40248204083,
FARAGOPROCONSTRUCT S.R.L.,mihaifarago30@gmail.com,,+40727344941
AMEROPA LOGISTICS SRL,mihailturjan@gmail.com,,+40758105928
A + G TRANSPORT INTERNATIONAL SRL,mirela@ag-transporten.com,Iași > MUNICIPIUL IASI > IASI,0786808764,
DOCTRANS ALBINUȚA S.R.L.,mirela_botez84@yahoo.com,,+40743822194
MIRODENIA MIXED SRL,mirodeniamixed@gmail.com,,+40745764747
MOB CONFORT SRL,mobilamobconfort@gmail.com,,+40744663140
BIOFARM SRL,molnarbalazsgm@gmail.com,,+40743112217
BISAR LOGISTICS S.R.L.,monac@avocatmonac.ro,Municipiul București > MUNICIPIUL BUCURESTI > BUCURESTI SECTORUL 1,0763344055,
MOTOPLUS PIESE S.R.L.,motopluspiese@yahoo.com,,+40762484448
COMPANIA DE TRANSPORT PUBLIC IAŞI S.A.,mru@sctpiasi.ro,Iași > MUNICIPIUL IASI > IASI,0372148608,
FRIGOSPEED EUROTOP SRL,mugurel.frigo@gmail.com,,+40720719150
MULTIPOWER TOUR SRL,multipowertour@yahoo.com,,+40740824224
NEDELCU NDM SRL,ndmnedelcu@gmail.com,,+40750717673
S.C. CURIER TRANS EXPRESS,neagu_ionut18@yahoo.com,,+40723355884
MIHNEA CRIS TRANS 2007 SRL,negoescu1912@yahoo.com,,+40744348254
LAVIUM PRODIMPEX SRL,nelutorjoc@gmail.com,,+40744930236
NEMACORD SRL,nemacordsrl@yahoo.com,,+40746024458
NEO DELIVERY SRL,neodeliverysrl@gmail.com,,+40737198466,
AQUATERM AG 98 SA,nica_ana.maria@yahoo.com,,+40748127701
NICOL POPA LOGISTIC,nico.popa1983@gmail.com,,+40734486531,
DECOMAR LOGISTIC SRL,nicoleta.tanasescu@d-log.ro,Argeș > ORAS MIOVENI > MIOVENI,0736378181,
SC NIGADA CURIER SRL,nigadacurier@gmail.com,Municipiul București > MUNICIPIUL BUCURESTI > BUCURESTI SECTORUL 3,0761600440,
NINGEL TRANS SRL,ningel.alexandria@yahoo.com,,+40766275752
NITRO DELIVERY SRL,nitrodelivery9@gmail.com,,+40753152068
KIPER SRL,njolan@yahoo.com,,+40744597592
NOBEL AUTO SERVICE SRL,nobelauto.ro@gmail.com,,+40799424613
NOVA SMART LOGISTIC SRL,nova.smart.logistic@gmail.com,,+40742141000,
NST PRIME TRANSPORT,nstprimetransport@gmail.com,,+40786690984,
ASOCIATIA CREATIV HUB,nunti@evaprestige.ro,,+40774402344
TRANS MM TRANSPORT SRL,o.zengin1905@icloud.com,Timiș > MUNICIPIUL TIMISOARA,0744621051,
DAMAR COLISION SRL,oana@damarservice.ro,,+40724899963
OCH LOGISTIC AG SRL,och.logistic@gmail.com,,+40728866725,
OCTOPUS LOGISTIC SRL,octopuslogisticsrl@gmail.com,Municipiul Cluj-Napoca,+40747138462,
ELECTRIC CONTROL DATA,office.electric_control@yahoo.ro,,+40723302241
ORIGINAL TEAM SRL,office.emiliazelch@gmail.com,,+40768174336
DISTRIBUTIE ENERGIE ELECTRICA ROMANIA SA- SUCURSALA HARGHITA,office.harghita@distributie-energie.ro,Harghita > MUNICIPIUL MIERCUREA CIUC > MIERCUREA CIUC,0266205702,
JUMBO EXPRESS SRL,office.jumboexpress@gmail.com,,+40787394766
MEDIWASH S.R.L.,office.mediwash@gmail.com,,+40752071442
S.C.PORTA IDEEA SRL,office.portaideea@gmail.com,,+40771793022
SILBOSS S.R.L.,office.silboss@gmail.com,,+40751091290
ASMARA DELIVERY SRL,office.uniceuro@gmail.com,Municipiul București > MUNICIPIUL BUCURESTI > BUCURESTI SECTORUL 2,0771793022,
A.C.S GLOBAL TRADE SRL,office@acsglobal.ro,,+40722303312
ALEYAN LOGISTIC S.R.L.,office@aleyan.ro,,+40744512310
ALL FINANCE LOGISTIC S.R.L.,office@allfinance.ro,Botoșani > MUNICIPIUL BOTOSANI > BOTOSANI,0231531000,
ALPASTRANSPORT SRL,office@alpastransport.com,,,
ATHOS TRANSPORT S.R.L.,office@athos-trans.ro,,-
AVICOLA SLOBOZIA SA,office@avicola-slobozia.ro,,+40243221197
GRAFRELY S.R.L.,office@bacriuluisf.ro,,+40728070691
BEST ENGINE SRL,office@bestengine.ro,,+40754210943
SC CADVYLL CONST SRL (RO17559415),office@cadvyll.ro,,+40751038459
CONTINENTAL CARGO BROKER SRL,office@cargobroker.ro,MUNICIPIUL BUCURESTI,+40344261552,
CITY CONSTRUCT LOGISTIC S.R.L.,office@cityconstruct.ro,Loc. Voluntari, Oras Voluntari,,
COMPANIA DE LOGISTICA SI DISTRIBUTIE WIT SRL,OFFICE@CLDWIT.RO,,+40757958265,
CLEANING LOGISTIC DISTRIBUTION,office@cleaninglogistic.ro,Bucuresti,0730118539,
REMCOR GAZ SRL,office@containteligent.ro,,228002
1. CREMOSICA SRL,office@cremosica.ro,,+40751182731
BR AGRITECH INNOVATIONS COOPERATIVA AGRICOLA,office@cropping.ro,,+40744632187
CUREA PAN GROUP SRL,office@cureacompany.ro,,+40722794790
D D TEAM GROUP SRL,office@d-d.ro,,+40729160538
DIMAR LOGISTICA EXPRES SRL,office@dimarlogistica.com,,+40756064618,
DOLY-COM DISTRIBUTIE SRL,office@dolycom.ro,Botosani,0744503909,
SC TECHNO DOPO TOTAL SRL,office@dopo.ro,,+40799777392
SC EXPRES TRANSPORT SA,office@eta.ro,,+40799064027
EXCELENT TRANS SRL,office@excelenttrans.ro,,+40745075371
SC HD NETWORKING SRL,office@hdnet.ro,,+40371005322
SC ICIRUAL 2003 SRL,office@icirual2003.ro,,+40758235324
INTERFRIGO LOGISTICS SA,office@interfrigologitics.ro,,+40348730071
LUAR SRL,office@luar.ro,,+40257276666
MASTER BLUE DELIVERY S.R.L.,office@master-pack.ro,PAULESTI,+40773306324,
SPARKLING FLASH DELIVERY S.R.L.,office@maustache.ro,Municipiul București > MUNICIPIUL BUCURESTI > BUCURESTI SECTORUL 2,+40738762033,
MONDO TRANS S.R.L.,office@mondotrans.eu,,+40257282666
KING EUROSERVICE S.R.L.,office@muncitoresti.ro,,+40770149638
MUSAPITESTI96 SRL,office@musa.ro,,+40248223406
NEVRA LOJISTIK SRL,office@nevralojistik.ro,,+40745621993
OST TRANSPORT SRL,office@ost-transport.ro,Arad > VLADIMIRESCU > CICIR,0758354087,
RIM AUTOLOGISTIC SRL,office@rimauto.ro,,+40799017071
Pan-Partener Spedition Arg,office@romancuta.ro,Pitești,-,
JIHED BAHRI DELIVERY SRL,office@ropic.ro,Sibiu > MUNICIPIUL SIBIU > SIBIU,0770516123,
SC ROVEKA FARM IMPEX SRL,office@roveka.ro,,+40787377167
SANEL TRANS SRL,office@saneltrans.ro,,+40748558479
SANURG SRL,office@sanurg.ro,,+40742133906
S.C.SMART SPEDITION SRL,office@smartspedition.ro,Ilfov > CIOROGARLA > CIOROGARLA,0736 398 300,
ALPHA SISTEM MANAGEMENT S.R.L.,office@stefanrebeja.com,,+40734744429
SUPERSTAR COM SRL,office@superstarcom.ro,,+40230560629
TERMO CALOR CONFORT S.A.,office@termopitesti.ro,,+40729980503
TRANSPECO LOGISTICS & DISTRIBUTION SA,office@transpeco.ro,BUCURESTI, SECTORUL 1,0212119815,
TRANS ZAMFIR SRL,office@trans-zamfir.ro,,+40724365526
TRUK SAA AUTO SRL,office@trukauto.ro,,+40770393284
VECTRA LOGISTIC SRL,office@vectralogistic.ro,Brașov > MUNICIPIUL BRASOV > BRASOV,0722343532,
ACTROS LOGISTIC SRL,officeactroslogistic@gmail.com,Prahova > BUCOV > BUCOV,0753315740,
CAROSIB SRL,officecarosib2@gmail.com,,+40766703628
FASTGODELIVERY SRL,officefastandgo@gmail.com,,+40742129634,
ONLY SERV SRL,officeonlyserv@gmail.com,,+40744377959
TRANSTROFIN SRL,officevitann363@gmail.com,,+40731410381
OFFROAD PARTS S.R.L.,offroadsv@yahoo.com,,+40741010119
SOFTNOT SRL,oneaconstantin4@gmail.com,,+40743390803
ONESTA PROD SRL,onestaprodzalau@yahoo.com,,+40744804868
ONU LOGISTIK,onulogistik@gmail.com,,+40747071186
AURA LOGISTIC SRL,oprescugabriel1616@gmail.com,Sibiu > MUNICIPIUL SIBIU > SIBIU,0771647904,
OCOLUL SILVIC DEALU NEGRU,osdealunegru@yahoo.com,,+40756992728
TRANS ANTONIA S.R.L.,ovidiu.dinculescu70@gmail.com,,+40743158479
CARSTOS OVITRANS SRL,ovidiucirstos@yahoo.com,,+40253219132
ADRIAN & PAUL SPEDITION S.R.L.,padureanuvasileadrian@yahoo.es,,+40771582663,
CC CITY CURIER DELIVERY SRL,patrascudragos75@gmail.com,Municipiul București > MUNICIPIUL BUCURESTI > BUCURESTI SECTORUL 1,0769133698,
LACON ELECTRONIC SRL,payroll.romania@lacon.ro,,+40722686168
SC PEDROALIN SRL,pedro_alin_srl@yahoo.com,,+40744926463
MEGAFIT CONTROL SRL,penny.cata@yahoo.com,,+40765639277
ORADEA TRANSPORT LOCAL SA,personal.cm@otlra.ro,Bihor > MUNICIPIUL ORADEA > ORADEA,0259423212,
AMBERGLOSUNG LOGISTIC S.R.L.,personal@ecojur.com,Bihor > MUNICIPIUL ORADEA > ORADEA,0259434751,
NUTRIENTUL SA,personal@nutrientul.com,,+40259471811
XTRADEALS AUTO GROUP SRL,petrumartin9@gmail.com,,+40747903427
PG-AM FOOD CONCEPT SRL,pgamfoodconcept@gmail.com,,+40764452355
VICTOR SPEDITION S.R.L.,pienarinstal@yahoo.com,Loc. Simeria, Oras Simeria,,
AER TRANSPORT SRL,pietrofin_vasilica@yahoo.com,Bacău > MUNICIPIUL BACAU > BACAU,0740168885,
PIT STOP GARAGE S.R.L.,pitstopgaragedeva@gmail.com,,+40725351106
TIME PAD DELIVERY S.R.L.,pizzatimesibiu@gmail.com,,+40741453914,
TRANSPORTATION EXPRESS SRL,poduryan86@mail.ru,Iași > REDIU > BREAZU,0740130764,
COLOMBO LOGISTICS SRL,pompivoinea@gmail.com,Ilfov > DASCALU > DASCALU,07308780480,
NRG LOGISTIC SRL,preda.alex@nrglogistic.com,,+40762527034
PREMIUM FAST DELIVERY SRL,premiumfastdeliverysrl@gmail.com,Municipiul București > MUNICIPIUL BUCURESTI > BUCURESTI SECTORUL 2,0731410381,
LICEUL NATANAEL SUCEAVA,prodanangela78@yahoo.com,,+40744144393
SEAE DELIVERY & SALE,profleet_seae@yahoo.com,Municipiul București > MUNICIPIUL BUCURESTI > BUCURESTI SECTORUL 1,-,
SAGA LOGISTICS MANAGEMENT SRL,profuture@gmail.com,Municipiul Constanta,,
PROINSTALATII S.R.L.,proinstalatii@hotmail.com,,+40740051413
ROMCHIM SRL,pronto.salarizare@romchim.ro,,+40744600691
GREEN CARGO SPEED S.R.L.,pulsgreencargos@gmail.com,,+40745872746
PYTA TRANSPORT AUTO SRL,pytatransportauto@gmail.com,,+40785454188
EIM FAST BUSINESS DELIVERY S.R.L,quickriders22@gmail.com,,+40766973180,
GRUBER LOGISTICS SRL,rada_raluca@yahoo.com,Bihor > MUNICIPIUL ORADEA > ORADEA,0723525324,
RADANA IMPEX SRL,radanaimpex@yahoo.com,,+40722554743
DARIA SI RAFAEL SRL,radoidorin27@gmail.com,,+40734438348
MUSTANG TOUR SRL,raluca.escape@gmail.com,,+40740117163
S.C. RALUCA SI RARES COMPANY S.R.L.,ralucasirares@yahoo.com,,+40741061069
AMBIENT PRO CONCEPT,ramona.ioanes@altaconsult.ro,,+40752043400
SC Nuova F&V Transport SRL,ramona@fvtransport.ro,Arad > MUNICIPIUL ARAD > ARAD,0756138686,
RATBV S.A.,ratbv@ratbv.ro,,+40268334678
COMPANIA DE TRANSPORT PUBLIC CLUJ NAPOCA S.A.,ratuc@mail.rdscj.ro,Cluj > MUNICIPIUL CLUJ-NAPOCA > CLUJ-NAPOCA,0264430917,
SRKN LOGISTIK SRL,recai_encok@yahoo.com,,+40774046206
DETERGENTI S.A.,recrutare.im@pg.com,,+40344229200
DITO GROUP SRL,recrutare@dito-group.ro,,+40770377510
Elec Drive Mobility,recrutare@elec.ro,,+40799095586
S.C. PROMAX ENTEPRISECO SRL,recrutare@simply-hr-solutions.ro,,+40728851293
SC REGENESYS IT TECHNOLOGIES SRL,regenesys74@gmail.com,,+40745100888
SC MADVYO TRANS SRL,remusd99@gmail.com,,+40735437263
DIRECTIA EDUCATIE CULTURAL SPORTIVA SI IDENTITATE COMUNITARA,resurse.umane@decsic-voluntari.ro,,+40754079445
SOCIETATEA DE TRANSPORT PUBLIC TIMISOARA S.A.,resurse.umane@stpt.ro,Timiș > MUNICIPIUL TIMISOARA > TIMISOARA,0356803713,
DACIA SERVICE CLUJ SRL,resurse_umane@otcgroup.ro,,+40264438440
EAST LINE LOGISTIC LLC S.R.L.,resurseumane.as@gmail.com,,+40733785568,
POLARIS M.HOLDING SRL,resurseumane.braila@polaris.ro,,+40725222295
AROVIT INVEST SRL,resurseumane@arovit.ro,,+40788496337
FERTIGYN SRL,resurseumane@origyn.ro,,+40737924933
SMART SUPPLY LOGISTIC S.R.L.,resurseumane@smartqc.ro,Argeș > ORAS MIOVENI,0727361547,
TRANSCOM S.R.L.,resurseumane@transcomsrl.ro,,+40746148448
TRANSPORT URBAN PUBLIC SRL,resurseumane@tupturda.ro,Cluj > MUNICIPIUL TURDA > TURDA,0264 312257,
DRAKO CUHNIA BALKANICA S.R.L.,rezervari@george-dragon.ro,,+40731325325
JOHN AVIA PROD SRL,ricascortanu@yahoo.com,,+40766671499
B.A.T. EUROPEAN LOGISTICS SRL,rita.bobe1956@gmail.com,,+40752222062,
ROAD RUNNER CONSTRUCTII S.R.L.,roadrunnerddd80@gmail.com,,+40758764051
EXPRESS JET S.R.L.,roberta.g094@yahoo.com,,+40766472909
Rodali Cargo,rodali.cargo@gmail.com,Giubega,0755666919,
BAZIL MOTOSERV SRL,roibug72@gmail.com,,+40727615430
TEODRAGOMIR GARAJ SRL,romeodragomir82@yahoo.com,,+40760290697
HUTU KRISAND SRL,rosuandreea080@gmail.com,,+40756011724
ROSU EMIL RESTAURANT INTREPRINDERE INDIVIDUALA,rosuemilniki@yahoo.com,,+40722610174
DISTRIBUTIE ENERGIE ELECTRICA ROMANIA S.A.,roxana.andreoiu@distributie-energie.ro,,+40244405018,
S.C. K INDUSTRIES RO HOLDING S.R.L.,royalcarwashofficial@yahoo.com,,+40755521272
EUROPEAN LOGISTICS SRL,rrhh.elo@calsina-carre.com,Argeș > BASCOV > BASCOV,0248606001,
ARABESQUE SRL,ru.sb@arabesque.ro,,+40757024482
RUYU SPEDITION SRL,ruyutransportdispecer@gmail.com,Bistrița-Năsăud > MUNICIPIUL BISTRITA > BISTRITA,0770467305,
S.C.RZV LOGISTIC SRL,rzv.logistic@gmail.com,Sibiu > SLIMNIC > SLIMNIC,-,
SABIL TRANSPORT,sabil.trans@hotmail.com,Sibiu > MUNICIPIUL SIBIU > SIBIU,0727314208,
DELTA SHIPPING AGENCY SRL,sabrina@deltashipping.ro,,+40742027437,
SABU TAY TRANSPORT S.R.L.,sabutaytransport@gmail.com,Sibiu > MUNICIPIUL SIBIU > SIBIU,0774068162,
SCHENKER LOGISTICS ROMANIA S.A.,sales.ro@dbschenker.com,Bukarest,0213176136,
DFC IASI S.R.L.,sales@dfc.ro,,+40742379789
SALUBRIS SA,salubris-slatina@yahoo.com,,+40766741523
SAMMER MULTI-TECH SRL,samu23m@gmail.com,,+40749636838
REMAT BRASOV SA,sava.cosmin@rematbv.ro,,+40751021650
EMN CARRIER S.R.L,sc.emncarrier@yahoo.com,,+40734365269
SCATRANS LOGISTIC SRL,scatranslogistic@gmail.com,,+40754883412,
CAPITRANS SRL,sccapitrans@yahoo.com,,+40250866404
MADII SRL,scmadiisrl@yahoo.com,,+40723434864
S.E.A TRANSILVANIAN TRANSPORT,sea.transilvania@gmail.com,,+40742731147
S E CO L ROMANIA SRL,secoltgjiu@yahoo.it,,+40253226777
AEROPORTUL INTERNAŢIONAL SIBIU RA,secretariat@sibiuairport.ro,,+40372055862
TRANSLOC SA,secretariat@transloc.ro,,+40744667777
KYM TRANSPORT SRL,sergiukym@yahoo.com,,+40763698111
SERVICE AUTO GRIGORESCU PREMIUM,serviceautogrigorescu.premium@gmail.com,,+40728922460
LIMROM SRL,servicelimrom@yahoo.com,,+40724465933
SEVDE TRANS SRL,sevdetrans@hotmail.com,,+40739924007
OSM GROUP SRL,silaghivlad98@gamil.com,,+40745309454
LA LUNA IMOBILIARE SRL,silipniculaie@yahoo.ro,,+40745623381
RAFIL S.R.L.,silviutrusca@yahoo.com,,+40768208908
COM DIVERS LOGISTIC SRL,simona.ciubuc@comdivers.ro,Argeș > BASCOV > BASCOV,0730255850,
SC SMART ENERGY SRL,smartenergyradauti@yahoo.com,,+40752296752
SND VASI TRANSPORT S.R.L.,snd_vassy2019@yahoo.com,Suceava > VICOVU DE JOS > VICOVU DE JOS,0737874530,
VULP LOGISTICS SRL,somaj.vulplogistic@yahoo.com,Cluj > MUNICIPIUL CAMPIA TURZII > CAMPIA TURZII,0758415881,
DISTRIBUTIE ENERGIE ELECTRICA ROMANIA S.A.,sorina.mutnean@distributie-energie.ro,,+40264205018,
SPRINTER COURIER GLOBAL SRL,sprinter_curier@yahoo.com,Targsoru Vechi,+40725482379,
ITC LOGISTIC ROMANIA SRL,sserbanescu@itclogistic.com,Brașov > MUNICIPIUL BRASOV > BRASOV,0268/406023,
S.C. UNITED EURO SPEDITION S.R,staff@expresseuroscan.com,Suceava > BOSANCI > BOSANCI,0746270793,
NICHTVISION SERVICE SRL,statusmet2025@gmaio.com,,074
SOS DELIVERY S.R.L.,stefan.armeanu1104@gmail.com,Municipiul București > MUNICIPIUL BUCURESTI > BUCURESTI SECTORUL 2,0738762033,
SIRBU TRANSPORTE SRL,stefania_partene@yahoo.com,Bistrița-Năsăud > MUNICIPIUL BISTRITA,0753431659,
STEL-COR DRIVING SRL,stelcor25@yahho.com,,+40746294161
LOGISTIC E VAN WIJK SRL,steliana.rus@evanwijk.ro,Cluj > APAHIDA > SANNICOARA,0372300200,
STMM INVEST SRL,stmminvest@gmail.com,,+40768739516
IRIMIR IMPEX SRL,stoica_irimir@yahoo.com,,+40767805653
CAMARA RUSTICA,strainimuncitori@gmail.com,,+40761237797
SUPER TRANS COM SRL,supertranscom@yahoo.com,,07 223 402 274
Galactic SRL,szilamergal@gmail.com,,+40740647920
TAHOGELU SRL,tahogelu.srl@gmail.com,,+40746168507
TELETEKNIKA ENGINEERING SRL,teleteknikaeng@gmail.com,,+40761422017
TEMPO MNM CAFFE S.R.L.,tempomnm@yahoo.com,,+40733567234
URG LOGISTIC SRL,tepuc_urgent@yahoo.com,,+40744124192
NS GLOBAL LOGISTICS SRL,toaderconsultanta@gmail.com,Municipiul București > MUNICIPIUL BUCURESTI > BUCURESTI SECTORUL 3,0724424811,
TOP CLASS AUTO TEHNO S.R.L.,topclassauto2008@gmail.com,,+40722264018
APALEMNIA S.R.L.,toroimpex@toroimpex.ro,,+40723383481
SC TRANSPORT PUBLIC LOCAL DE PERSOANE SRL,tplp2024@yahoo.com,Teleorman > MUNICIPIUL ALEXANDRIA > ALEXANDRIA,Nu sunt date,
SC TAXIDIB IOANAND SRL,transdbu@gmail.com,,+40740894597
LUSADE INTERNATIONAL TRANSPORT SRL,transped2019@gmail.com,,+40753644777
BACUS SRL,transport@bacus.ro,,+40758071353
SIMIONCA IONUT RAUL PFA,transsimy@yahoo.com,,+40742172245
ASUL GALAXY SRL,trofix79@yahoo.com,,+40747832231
SHAGA TRUCK SRL,tudor.mihaiescu@gmail.com,,+40759087182
TUDOR TRANS EXP 2021 S.R.L.,tudortransexp2021@gmail.com,,+40762405728
TYTOSPEED SRL,tytospeed01@gmail.com,,+40722244779
SC VADAGRAR LOGISTIC SRL,vadagrarlogistic@gmail.com,Bihor,,https://produsmontan.ro/produse_montane/cas-sc-vadagrar-logistic-srl/
S.C. AUTO MARCU'S GRUP S.A.,valentina.andreica@amg.ro,,+40740200095
ALEX AMI TOURTRANS SRL,valentinburtavel@gmail.com,,+40723345917
VANGUARD CONSTRUCTION S.R.L.,vanguardconstruction@gmail.com,,+40726050756
VAS CURIER EXPRESS SRL,vasile.diaconu@fancourier.ro,,+40766475621
PATRISTRANS VT LOGISTIC SRL,vasilenegrea@patristrans.ro,,+40722536852,
BOGLAURA TRANSPORT S.R.L.,vegas.trans@yahoo.com,Bihor > BOROD > CORNITEL,0742903860,
VERSUS OIL SRL,versusgrup@yahoo.com,,+40756338566
BMF FAST DELIVERY S.R.L.,victor.bohus@acc-hr.com,,+40744342512,
VINCZE ERZSEBETLENKE PERSOANĂ FIZICĂ AUTORIZATĂ,vinczelenke@gmail.com,,+40742080234
DAMIRDAM SRL,vio345@yahoo.com,,+40742050444
S.C. ROMCURIER SRL,vioricanegrut@fancourier.ro,Bihor > MUNICIPIUL ORADEA > ORADEA,0728889502,
VISSPA EXPRESS SRL,visspaexpress@gmail.com,,+40756289714
BALASA DELIVERY COMPANY SRL,vlad.balasa28@gmail.com,,+40733254680
ASOCIATIA CAMINUL SENIORILOR,vladelenaispas@gmail.com,,+40749273127
VOITRANS SRL,voicatrans@yahoo.com,,+40743464974
XANDOR SRL,xandor@xandorbt.ro,,+40744582446
MARIUS CARGO S.R.L.,xaraxavian@gmail.com,,+40744898839
RB STYLE SRL,xplayground@gamil.com,,+40733017450
SC ZEK DELIVERY SRL,zekdeliverysrl@yahoo.com,Mureș > ORAS LUDUS > LUDUS,0774424606,
KNITWEAR IMPEX SRL,zmy7210@yahoo.com,,+40722568616
ZOF SPEED SRL,zofspeed@yahoo.com,,+40740771665
RDE HURON SRL,zsofia.gabor@rdero.ro,,+40730711361
e@cldwit.ro,Bacău > MUNICIPIUL BACAU > BACAU,0757958265,
Compania Nationala de Transporturi Aeriene Romane TAROM,cariera@tarom.ro,Otopeni,0212013803,
CONTINENTAL CARGO BROKER SRL,office@cargobroker.ro,MUNICIPIUL BUCURESTI,+40344261552,
CRISEDU LOGISTIC SRL,dumitucristicristea@gmail.com,Alba > IGHIU,0745044606,
DANDAN TUR LOGISTIC SRL,dandantur78@yahoo.com,Cluj > MUNICIPIUL TURDA > TURDA,0740041523,
DANY TRANSPORT COM SRL,dany_transportcom@yahoo.com,Municipiul Bucuresti,+40745049172,
DAVIS TRANSPORTURI FRIGORIFICE,conta@davistransport.ro,Bihor > MUNICIPIUL ORADEA > ORADEA,0727922908,
DECOMAR LOGISTIC SRL,nicoleta.tanasescu@d-log.ro,Argeș > ORAS MIOVENI > MIOVENI,0736378181,
DEUTSCHE BAHN CARGO ROMANIA SR,eva.cordo@deutschebahn.com,Gorj > ORAS TURCENI,0724212999,
DIMAR LOGISTICA EXPRES SRL,office@dimarlogistica.com,,+40756064618,
DISTRIBUTIE ENERGIE ELECTRICA ROMANIA S.A.,ilie.raluca@distributie-energie.ro,CLUJ-NAPOCA,0264205018,
DISTRIBUTIE ENERGIE OLTENIA S.A.,andrei.mitran1@distributieoltenia.ro,Craiova,+40372523231,
DOLY-COM DISTRIBUTIE SRL,office@dolycom.ro,Botosani,0744503909,
EAST LINE LOGISTIC LLC S.R.L.,resurseumane.as@gmail.com,,+40733785568,
ELECTRO-SERVICE DISTRIBUTIE SRL,biancaaasimion@gmail.com,Bucuresti Sectorul 3,+40250738743,https://genway.ro
ELIEZER LOGISTIC S.R.L.,eliezerlogistic@gmail.com,Bistrița-Năsăud > MUNICIPIUL BISTRITA > BISTRITA,0728136542,
ERICSEM LOGISTIC S.R.L.,cerasela.tigau@gmail.com,Valea Mare Pravat,+40747633324,
ESPACK EUROLOGISTICA S.R.L.,adriana@auditsiexpertiza.ro,Dolj > MUNICIPIUL CRAIOVA > CRAIOVA,0741243435,
EUROCIS LOGISTIC S.R.L.,cfiscalitate@gmail.com,Bucuresti Sectorul 3,+40731722000,
FISH TRANS LOGISTIC,andreea.iacob@fishtrans.ro,Darasti-Ilfov,+40215271807,
FLASHGO DELIVERY SRL,florin_14_stefan94@yahoo.com,MUNICIPIUL CRAIOVA,+40769894899,
ITC LOGISTIC ROMANIA SRL,sserbanescu@itclogistic.com,Brașov > MUNICIPIUL BRASOV > BRASOV,0268/406023,
JT LOGISTICSCONSULTING SRL,jtlogisticsro@yahoo.com,Giurgiu > MUNICIPIUL GIURGIU > GIURGIU,0722391958,
KEL HOUSE LOGISTIC S.R.L.,fineurocont@yahoo.com,Sat Stanilesti, Comuna Stanilesti,079977045,
KRAFT LOGISTIC SRL,lucretia.purenciu@kraft-logistic.com,Mureș > MUNICIPIUL SIGHISOARA > SIGHISOARA,0265/771307,
L & E SPEEDY DELIVERY S.R.L.,lespeedyd@gmail.com,,074,
LOGISTIC E VAN WIJK SRL,steliana.rus@evanwijk.ro,Cluj > APAHIDA > SANNICOARA,0372300200,
LOGISTICS SERV SRL,lgs.serv@yahoo.com,Arad,+40745783279,
MARADI LOGISTIC,mihaela.basturea@gmail.com,,+40722922830,
MARIA SHIPPING AGENCY SRL,ionela.chirigiu@mariashipping.ro,Constanta,0742218018,
MARVI LOGISTIC SRL,iulia.c@marvilogistic.ro,,+40753038465,
MASTER BLUE DELIVERY S.R.L.,office@master-pack.ro,PAULESTI,+40773306324,
NERTRANS CARGO SRL,a.zaharia@nertrans.com,Municipiul Galati,+40743159999,
NICOL POPA LOGISTIC,nico.popa1983@gmail.com,,+40734486531,
NOVA SMART LOGISTIC SRL,nova.smart.logistic@gmail.com,,+40742141000,
OCH LOGISTIC AG SRL,och.logistic@gmail.com,,+40728866725,
OCTOPUS LOGISTIC SRL,octopuslogisticsrl@gmail.com,Municipiul Cluj-Napoca,+40747138462,
Pan-Partener Spedition Arg,office@romancuta.ro,Pitești,-,
Pansiprod Distributie,hr@pansiprod.ro,Bucuresti,0722536795,
PATRISTRANS VT LOGISTIC SRL,vasilenegrea@patristrans.ro,,+40722536852,
P&G Kraft Spedition,barbuteo1964@gmail.com,Pitești,0722232324,
PIC INTERLOGISTIC SRL,contabiliategenova@gmail.com,,+40737899539,
PORT SHIPPING ENGINEERING S.R.L.,lavinia.ovezea@p-s-e.ro,Constanța > MUNICIPIUL CONSTANTA > CONSTANTA,0736594338,
RED FAST LOGISTICS SRL,contabilitate.redfast@gmail.com,PITESTI,,
Rodali Cargo,rodali.cargo@gmail.com,Giubega,0755666919,
SAGA LOGISTICS MANAGEMENT SRL,profuture@gmail.com,Municipiul Constanta,,
SAVA LOGISTIC SRL,mbufnea@nervia.ro,Cluj > MUNICIPIUL CLUJ-NAPOCA > CLUJ-NAPOCA,0751513173,
SCATRANS LOGISTIC SRL,scatranslogistic@gmail.com,,+40754883412,
S.C.GIROCOU LOGISTIC SRL,girocoulogistic@gmail.com,Brașov > VISTEA > VISTEA DE SUS,0762666040,
SCHENKER LOGISTICS ROMANIA S.A.,sales.ro@dbschenker.com,Bukarest,0213176136,
SC INTERABS LOGISTIC SRL,interabslogistic@gmail.com,Arad > MUNICIPIUL ARAD > ARAD,0740476221,
S.C. KRK TRANSPORT S.R.L.,erturkcalina@yahoo.com,Arad > MUNICIPIUL ARAD > ARAD,0736701904,
SC NIGADA CURIER SRL,nigadacurier@gmail.com,Municipiul București > MUNICIPIUL BUCURESTI > BUCURESTI SECTORUL 3,0761600440,
S.C. ROMCURIER SRL,vioricanegrut@fancourier.ro,Bihor > MUNICIPIUL ORADEA > ORADEA,0728889502,
S.C.RZV LOGISTIC SRL,rzv.logistic@gmail.com,Sibiu > SLIMNIC > SLIMNIC,-,
SC VADAGRAR LOGISTIC SRL,vadagrarlogistic@gmail.com,Bihor,,https://produsmontan.ro/produse_montane/cas-sc-vadagrar-logistic-srl/
SMART SUPPLY LOGISTIC S.R.L.,resurseumane@smartqc.ro,Argeș > ORAS MIOVENI,0727361547,
SOCIETATEA NATIONALA DE TRANSPORT GAZE NATURALE TRANSGAZ SA,anamaria.niculescu@transgaz.ro,MEDIAS,+40269801524,
SPRINTER COURIER GLOBAL SRL,sprinter_curier@yahoo.com,Targsoru Vechi,+40725482379,
T.B.T. LOGISTIC INTERNATIONAL SRL,hr@tbtlogistic.eu,Brașov > MUNICIPIUL BRASOV > BRASOV,0368/401350,
TEXCARGO SRL,accounting.texcargo@ponsa.com,Arad > MUNICIPIUL ARAD > ARAD,0257288035,
TRANSDONI LOGISTIC SRL,iordacheanamaria19@yahoo.com,Sat Geamana, Comuna Bradu,+40721903900,
TRANSPECO LOGISTICS & DISTRIBUTION SA,office@transpeco.ro,BUCURESTI, SECTORUL 1,0212119815,
VECTRA LOGISTIC SRL,office@vectralogistic.ro,Brașov > MUNICIPIUL BRASOV > BRASOV,0722343532,
VICTOR SPEDITION S.R.L.,pienarinstal@yahoo.com,Loc. Simeria, Oras Simeria,,
