name,email,city,phone,website
ACTROS LOGISTIC SRL,officeactroslogistic@gmail.com,Prahova > BUCOV > BUCOV,0753315740,
ADER GLOBAL LOGISTIC SRL,adergloballogisticajofm@gmail.com,,,
ADM ROMANIA LOGISTICS S.R.L.,kontakt@id-logistics.com,Constanța > MUNICIPIUL CONSTANTA > CONSTANTA,0241603247,
ADRIAN & PAUL SPEDITION S.R.L.,padureanuvasileadrian@yahoo.es,,+40771582663,
AEP INTERNATIONAL TRANSPORT S.R.L.,aepinternationaltrans@gmail.com,,+40784048899,
AER TRANSPORT SRL,pietrofin_vasilica@yahoo.com,Bacău > MUNICIPIUL BACAU > BACAU,0740168885,
A + G TRANSPORT INTERNATIONAL SRL,mirela@ag-transporten.com,Iași > MUNICIPIUL IASI > IASI,0786808764,
ALEYAN LOGISTIC S.R.L.,office@aleyan.ro,,+40744512310,
ALL FINANCE LOGISTIC S.R.L.,office@allfinance.ro,Botoșani > MUNICIPIUL BOTOSANI > BOTOSANI,0231531000,
ALPASTRANSPORT SRL,office@alpastransport.com,,,
ALPHA FOOD DELIVERY SYSTEM S.R.L.,Alphafooddelivery@gmail.com,,+40799925065,
ALPINA TEC LOGISTIC SRL,alpinateam.hr@gmail.com,Alba > ORAS CUGIR > CUGIR,0720085887,
alsoftrans logistics srl,alsoftrans_logistics@mail.ru,,+40754831721,
AMBERGLOSUNG LOGISTIC S.R.L.,personal@ecojur.com,Bihor > MUNICIPIUL ORADEA > ORADEA,0259434751,
AMEROPA LOGISTICS SRL,mihailturjan@gmail.com,,+40758105928,
ANNA GROUP DELIVERY S.R.L.,financiar_agd@crescendogrup.ro,Municipiul Targu Jiu,+40744648202,
ARANCA DELIVERY SRL,aranca@nicaerogroup.ro,,+40766530129,
ARCESE TRANSPORT SRL,maria.danciu@contelit.ro,Cluj > MUNICIPIUL DEJ > DEJ,0727328838,
ARTMAN SPEDITION SRL,artmanspedition@gmail.com,,+40756235469,
ASMARA DELIVERY SRL,office.uniceuro@gmail.com,Municipiul București > MUNICIPIUL BUCURESTI > BUCURESTI SECTORUL 2,0771793022,
ATHOS TRANSPORT S.R.L.,office@athos-trans.ro,,-,
ATS ALP TRANSPORT SRL,c_padurean@yahoo.com,,+40745257338,
AURA LOGISTIC SRL,oprescugabriel1616@gmail.com,Sibiu > MUNICIPIUL SIBIU > SIBIU,0771647904,
AVANTI FOOD DELIVERY SRL,catabt2000@yahoo.com,Botoșani > MUNICIPIUL BOTOSANI > BOTOSANI,0741658657,
AXL TRANSPORTES AXL SRL,loredana.axltrans@gmail.com,Cluj > CUZDRIOARA > CUZDRIOARA,0770467305,
BALASA DELIVERY COMPANY SRL,vlad.balasa28@gmail.com,,+40733254680,
BARNA LOGISTIC INSTAL S.R.L.,barnalogistic@gmail.com,Sat Tarian, Comuna Girisu de Cris,+40742630576,
B.A.T. EUROPEAN LOGISTICS SRL,rita.bobe1956@gmail.com,,+40752222062,
BCT TRANSPORT SRL,bct.transport@yahoo.ro,Timiș > GHIRODA,0755128990,
BCVO LOGISTICS SRL,cristian.codarean@bcvologistics.eu,Bistrița-Năsăud > MUNICIPIUL BISTRITA > VIISOARA,0732146782,
BISAR LOGISTICS S.R.L.,monac@avocatmonac.ro,Municipiul București > MUNICIPIUL BUCURESTI > BUCURESTI SECTORUL 1,0763344055,
BMF FAST DELIVERY S.R.L.,victor.bohus@acc-hr.com,,+40744342512,
BOGDAN & GABRIEL EUROTRANSPORT,bogdan.gabriel.eurotransport@gmail.com,,+40767012080,
BOGLAURA TRANSPORT S.R.L.,vegas.trans@yahoo.com,Bihor > BOROD > CORNITEL,0742903860,
BRT LOGISTICS EXPRESS S.R.L.,bretancasian90@gmail.com,,+40773959265,
BSY TRANSILVANIA TRANSPORT SRL,bsytransilvaniatransport@yahoo.com,,+40749993335,
BYAN LOGISTIC CEREAL,byanlogisticcereal@yahoo.com,,+40730775307,
BYM AUTO LOGISTICS SRL,bymautologistics@gmail.com,Giurgiu > ROATA DE JOS > SADINA,0761657727,
C&A FRACHT TRANSPORT LOGISTIK SRL,cafracht@yahoo.com,Giurgiu > OINACU > BRANISTEA,0246211452,
CARBON LOGISTIC S.A.,hr@carbonlogistic.com,GIARMATA,+40738283974,
CARGO SRL,contact@consolehotel.ro,Ialomița > MUNICIPIUL SLOBOZIA > SLOBOZIA,0722453346,
CARGO TERRA S.R.L.,aurelia.mincu@cargogroup.ro,Municipiul Slobozia,+40722453410,
CARGO TRACK SOLUTIONS SRL,hr@cargotrack.ro,Bihor > MUNICIPIUL ORADEA > ORADEA,0756145228,
CARGO TRANS SRL,cargo.trans@yahoo.com,CISNADIE,,
CAT PLUS DELIVERY S.R.L.,conta.cristinasabau@gmail.com,Cluj > MUNICIPIUL CLUJ-NAPOCA > CLUJ-NAPOCA,0725926197,
CC CITY CURIER DELIVERY SRL,patrascudragos75@gmail.com,Municipiul București > MUNICIPIUL BUCURESTI > BUCURESTI SECTORUL 1,0769133698,
CITY CONSTRUCT LOGISTIC S.R.L.,office@cityconstruct.ro,Loc. Voluntari, Oras Voluntari,,
CLEANING LOGISTIC DISTRIBUTION,office@cleaninglogistic.ro,Bucuresti,0730118539,
CLEANING LOGISTIC DISTRIBUTION SRL,office@cleaninglogistic.ro,,0730118539,http://www.cleaninglogistic.ro
CLEANING LOGISTIC DISTRIBUTION S.R.L.,office@cleaninglogistic.ro,Bucuresti,0730118539,
C.N.T.E.E. TRANSELECTRICA SA - SUCURSALA TERITORIALA DE TRANSPORT SIBIU,daniela.chiuia@transelectrica.ro,,+40269207120,
COLOMBO LOGISTICS SRL,pompivoinea@gmail.com,Ilfov > DASCALU > DASCALU,07308780480,
COM DIVERS LOGISTIC SRL,simona.ciubuc@comdivers.ro,Argeș > BASCOV > BASCOV,0730255850,
COMPANIA DE LOGISTICA SI DISTRIBUTIE WIT SRL,OFFICE@CLDWIT.RO,,+40757958265,
COMPANIA DE LOGISTICĂ ŞI DISTRIBUŢIE WIT SRL,office@cldwit.ro,Bacău > MUNICIPIUL BACAU > BACAU,0757958265,
COMPANIA DE TRANSPORT PUBLIC CLUJ NAPOCA S.A.,ratuc@mail.rdscj.ro,Cluj > MUNICIPIUL CLUJ-NAPOCA > CLUJ-NAPOCA,0264430917,
COMPANIA DE TRANSPORT PUBLIC IAŞI S.A.,mru@sctpiasi.ro,Iași > MUNICIPIUL IASI > IASI,0372148608,
COMPANIA NATIONALA DE TRANSPORT AL ENERGIEI ELECTRICE TRANSELECTRICA SA SUCURSALA TERITORIALA DE TRANSPORT TIMISOARA,dana.pojoga@translectrica.ro,Timiș > MUNICIPIUL TIMISOARA > TIMISOARA,+40374508111,
Compania Nationala de Transporturi Aeriene Romane TAROM,cariera@tarom.ro,Otopeni,0212013803,
Compania Nationala de Transporturi Aeriene Romane TAROM S.A.,cariera@tarom.ro,Otopeni,0212013803,
Compania Nationala de Transporturi Aeriene Romane TAROM SA,cariera@tarom.ro,Otopeni,0212013803,
CONTINENTAL CARGO BROKER SRL,office@cargobroker.ro,MUNICIPIUL BUCURESTI,+40344261552,
CRISEDU LOGISTIC SRL,dumitucristicristea@gmail.com,Alba > IGHIU,0745044606,
CROS LOGISTICS S.R.L.,officeactroslogistic@gmail.com,Bucuresti Sectorul 3,,
CROSS CARGO LOGISTICS SRL,m.pop@cross-cargo.eu,Covasna > OZUN > OZUN,0732530236,
CROSS CARGO LOGISTICS S.R.L.,m.pop@cross-cargo.eu,Sfantu Gheorghe,0732530236,
CTA TIR SPEDITION SRL,ctatir.ajofm@gmail.com,,+40744920662,
Curiera Transport Solutions SRL,emilia.van@curiera.ro,,+40785491111,
CURIERA TRANSPORT SOLUTIONS S.R.L.,emilia.van@curiera.ro,Bucuresti,0785491111,
DANDAN TUR LOGISTIC SRL,dandantur78@yahoo.com,Cluj > MUNICIPIUL TURDA > TURDA,0740041523,
DANY TRANSPORT COM SRL,dany_transportcom@yahoo.com,Municipiul Bucuresti,+40745049172,
DAVIS TRANSPORTURI FRIGORIFICE,conta@davistransport.ro,Bihor > MUNICIPIUL ORADEA > ORADEA,0727922908,
DECOMAR LOGISTIC SRL,nicoleta.tanasescu@d-log.ro,Argeș > ORAS MIOVENI > MIOVENI,0736378181,
DELIVERY4ALL SRL,delivery4allsrl@gmail.com,,+40732858717,
DELTA SHIPPING AGENCY SRL,sabrina@deltashipping.ro,,+40742027437,
DEUTSCHE BAHN CARGO ROMANIA SR,eva.cordo@deutschebahn.com,Gorj > ORAS TURCENI,0724212999,
DIMAR LOGISTICA EXPRES SRL,office@dimarlogistica.com,,+40756064618,
DISTRIBUTIE ENERGIE ELECTRICA ROMANIA S.A.,ilie.raluca@distributie-energie.ro,CLUJ-NAPOCA,0264205018,
DISTRIBUTIE ENERGIE ELECTRICA ROMANIA S.A.,ioana.balazs@distributie-energie.ro,,+40264205434,
DISTRIBUTIE ENERGIE ELECTRICA ROMANIA S.A.,roxana.andreoiu@distributie-energie.ro,,+40244405018,
DISTRIBUTIE ENERGIE ELECTRICA ROMANIA S.A.,sorina.mutnean@distributie-energie.ro,,+40264205018,
DISTRIBUTIE ENERGIE ELECTRICA ROMANIA SA- SUCURSALA HARGHITA,office.harghita@distributie-energie.ro,Harghita > MUNICIPIUL MIERCUREA CIUC > MIERCUREA CIUC,0266205702,
DISTRIBUTIE ENERGIE OLTENIA S.A.,andrei.mitran1@distributieoltenia.ro,Craiova,+40372523231,
DISTRIBUTIE ENERGIE OLTENIA S.A.,gabriela.iliescu@distributieoltenia.ro,,+40730190246,
DISTRIBUTIE ENERGIE OLTENIA S.A.,Lavinia.Teleaba@distributieoltenia.ro,,+40372524478,
DISTRIBUTIE ENERGIE OLTENIA S.A.,mihai.ionescu@evryo.ro,,+40248204083,
DOLY-COM DISTRIBUTIE SRL,office@dolycom.ro,Botosani,0744503909,
DOT LOGISTICS SRL,kontakt@id-logistics.com,BUCURESTI, SECTORUL 2,,
DUCU SERV SPEDITION,ducuserv@gmail.com,,+40736041611,
EAST LINE LOGISTIC LLC S.R.L.,resurseumane.as@gmail.com,,+40733785568,
ECO TRANSPORT LOCAL S.R.L.,ecotransportlocal@gmail.com,,+40786182149,
EIM FAST BUSINESS DELIVERY S.R.L,quickriders22@gmail.com,,+40766973180,
ELECTRO-SERVICE DISTRIBUTIE SRL,biancaaasimion@gmail.com,Bucuresti Sectorul 3,+40250738743,https://genway.ro
ELIEZER LOGISTIC S.R.L.,eliezerlogistic@gmail.com,Bistrița-Năsăud > MUNICIPIUL BISTRITA > BISTRITA,0728136542,
ERICSEM LOGISTIC S.R.L.,cerasela.tigau@gmail.com,Valea Mare Pravat,+40747633324,
ESPACK EUROLOGISTICA S.R.L.,adriana@auditsiexpertiza.ro,Dolj > MUNICIPIUL CRAIOVA > CRAIOVA,0741243435,
EUROCIS LOGISTIC S.R.L.,cfiscalitate@gmail.com,Bucuresti Sectorul 3,+40731722000,
EUROCIS LOGISTIC S.R.L.,cfiscalitate@gmail.com,Bucuresti Sectorul 3,+40731722000,
EUROPEAN LOGISTICS SRL,rrhh.elo@calsina-carre.com,Argeș > BASCOV > BASCOV,0248606001,
EXPRES MERCUR SPEDITION SRL,mercursped@gmail.com,,+40744576692,
Expres Transport,office@eta.ro,Târgu Jiu,+40799064027,
FAN COURIER EXPRESS SRL,hr@fancourier.ro,Ilfov > STEFANESTII DE JOS > STEFANESTII DE JOS,0219336000,
FASTGODELIVERY SRL,officefastandgo@gmail.com,,+40742129634,
FELAS COURIERS SRL,felascouriers@gmail.com,Mureș > MUNICIPIUL REGHIN,0749844901,
FISH TRANS LOGISTIC,andreea.iacob@fishtrans.ro,Darasti-Ilfov,+40215271807,
FISH TRANS LOGISTIC SRL,andreea.iacob@fishtrans.ro,DARASTI-ILFOV,+40215271807,
FLASHGO DELIVERY SRL,florin_14_stefan94@yahoo.com,MUNICIPIUL CRAIOVA,+40769894899,
FMCG MARKETING DISTRIBUTIE SRL,camelia.panait@fmcgmanagement.ro,Municipiul București > MUNICIPIUL BUCURESTI > BUCURESTI SECTORUL 1,5296625,
FOOD DELIVERY HAPPYDAY SRL,fooddeliveryhappyday@gmail.com,,+40739921175,
GABMAR TRANSPORT SRL,ceadirgeanuliliana@gmail,,+40724395480,
GREEN CARGO SPEED S.R.L.,pulsgreencargos@gmail.com,,+40745872746,
GRUBER LOGISTICS SRL,rada_raluca@yahoo.com,Bihor > MUNICIPIUL ORADEA > ORADEA,0723525324,
HAGAG DISTRIBUTIE SI FURNIZARE S.R.L.,mihaela.avram@btdgaz.ro,Municipiul București > MUNICIPIUL BUCURESTI > BUCURESTI SECTORUL 1,0799734317,
HENRIK SKOV CHRISTENSEN TRANSPORT GROUP SRL,florina-krisch@hschristensen.ro,Cluj > MUNICIPIUL CLUJ-NAPOCA > CLUJ-NAPOCA,0364113331,
IKILER TRANSPORT SRL,ikilertransport@hotmail.com,,+40751867152,
INTERFRIGO LOGISTICS SA,office@interfrigologitics.ro,,+40348730071,
ITC LOGISTIC ROMANIA SRL,sserbanescu@itclogistic.com,Brașov > MUNICIPIUL BRASOV > BRASOV,0268/406023,
JIHED BAHRI DELIVERY SRL,office@ropic.ro,Sibiu > MUNICIPIUL SIBIU > SIBIU,0770516123,
JRT DELIVERY HUB S.R.L.,jrt.romania@gmail.com,Timiș > MUNICIPIUL TIMISOARA > TIMISOARA,+40 765 385 616,
JT LOGISTICSCONSULTING SRL,jtlogisticsro@yahoo.com,Giurgiu > MUNICIPIUL GIURGIU > GIURGIU,0722391958,
KEL HOUSE LOGISTIC S.R.L.,fineurocont@yahoo.com,Sat Stanilesti, Comuna Stanilesti,079977045,
KOALA LOGISTICS SRL,ivan_alexandradiana@yahoo.com,,+40734215171,
KRAFT LOGISTIC SRL,lucretia.purenciu@kraft-logistic.com,Mureș > MUNICIPIUL SIGHISOARA > SIGHISOARA,0265/771307,
KRS TRANSPORTER SRL,krstransporter@gmail.ro,,+40766274206,
KSC TRANSPORT SRL,ksc@ksc-transport.ro,Bihor > MUNICIPIUL ORADEA > ORADEA,0770104595,
KYM TRANSPORT SRL,sergiukym@yahoo.com,,+40763698111,
LANCETTI TRANSPORT SRL,hr@lancetti.ro,ORADEA,0748115346,
L & E SPEEDY DELIVERY S.R.L.,lespeedyd@gmail.com,,074,
LILI TRANSPORT PAN S.R.L.,daniel_pana@yahoo.com,Giurgiu > FRATESTI > REMUS,0744704405,
LOGISTIC E VAN WIJK SRL,steliana.rus@evanwijk.ro,Cluj > APAHIDA > SANNICOARA,0372300200,
LOGISTICS SERV SRL,lgs.serv@yahoo.com,Arad,+40745783279,
LOGISTIKZENTRUM AUGSBURG CONTRANSPORT SRL,creditcontol@contransport.ro,,+40731150913,
LPS DELIVERY S.R.L.,lionpathdelivery@gmail.com,Municipiul București > MUNICIPIUL BUCURESTI > BUCURESTI SECTORUL 1,0738762033,
LUSADE INTERNATIONAL TRANSPORT SRL,transped2019@gmail.com,,+40753644777,
MARADI LOGISTIC,mihaela.basturea@gmail.com,,+40722922830,
MARCHIORI SPEDITION SRL,ancadiana82@yahoo.com,,+40742073022,
MARIA SHIPPING AGENCY SRL,ionela.chirigiu@mariashipping.ro,Constanta,0742218018,
MARIDOR TRANSPORT SRL,maridortransport@yahoo.com,Sat Tomsani, Comuna Tomsani,+40250863709,
MARIDOR TRANSPORT SRL,maridortransport@yahoo.com,Sat Tomsani, Comuna Tomsani,+40250863709,
MARIDOR TRANSPORT SRL,maridortransport@yahoo.com,Vâlcea > TOMSANI > TOMSANI,0730008715,
MARIUS CARGO S.R.L.,xaraxavian@gmail.com,,+40744898839,
MARVI LOGISTIC SRL,iulia.c@marvilogistic.ro,,+40753038465,
MASTER BLUE DELIVERY S.R.L.,office@master-pack.ro,PAULESTI,+40773306324,
MEZ TRANSPORT SRL,mezdrea_dragos@yahoo.com,,+40740766968,
name,email,city,phone,website
NEO DELIVERY SRL,neodeliverysrl@gmail.com,,+40737198466,
NERTRANS CARGO SRL,a.zaharia@nertrans.com,Municipiul Galati,+40743159999,
NICOL POPA LOGISTIC,nico.popa1983@gmail.com,,+40734486531,
NITRO DELIVERY SRL,nitrodelivery9@gmail.com,,+40753152068,
NOVA SMART LOGISTIC SRL,nova.smart.logistic@gmail.com,,+40742141000,
NRG LOGISTIC SRL,preda.alex@nrglogistic.com,,+40762527034,
NS GLOBAL LOGISTICS SRL,toaderconsultanta@gmail.com,Municipiul București > MUNICIPIUL BUCURESTI > BUCURESTI SECTORUL 3,0724424811,
NST PRIME TRANSPORT,nstprimetransport@gmail.com,,+40786690984,
OCH LOGISTIC AG SRL,och.logistic@gmail.com,,+40728866725,
OCTOPUS LOGISTIC SRL,octopuslogisticsrl@gmail.com,Municipiul Cluj-Napoca,+40747138462,
ORADEA TRANSPORT LOCAL SA,personal.cm@otlra.ro,Bihor > MUNICIPIUL ORADEA > ORADEA,0259423212,
OST TRANSPORT SRL,office@ost-transport.ro,Arad > VLADIMIRESCU > CICIR,0758354087,
PALLETPRO LOGISTICS SRL,coraci.dana@gmail.cm,Dolj > MUNICIPIUL CRAIOVA > CRAIOVA,0722606618,
Pan-Partener Spedition Arg,office@romancuta.ro,Pitești,-,
Pansiprod Distributie,hr@pansiprod.ro,Bucuresti,0722536795,
Pansiprod Distributie SRL,hr@pansiprod.ro,Bucuresti,0722536795,
Pansiprod Distributie S.R.L.,hr@pansiprod.ro,București,0722536795,
PASCU MARIAN LOGISTICS,contact@triorecruitment.com,Dolj > MALU MARE > PREAJBA,0727594266,
PATRISTRANS VT LOGISTIC SRL,vasilenegrea@patristrans.ro,,+40722536852,
P&G Kraft Spedition,barbuteo1964@gmail.com,Pitești,0722232324,
PIC INTERLOGISTIC SRL,contabiliategenova@gmail.com,,+40737899539,
POPAS LOGISTICS CURIER SRL,gabrielionutpopa@gmail.com,,+40746118401,
PORT SHIPPING ENGINEERING S.R.L.,lavinia.ovezea@p-s-e.ro,Constanța > MUNICIPIUL CONSTANTA > CONSTANTA,0736594338,
PREMIUM FAST DELIVERY SRL,premiumfastdeliverysrl@gmail.com,Municipiul București > MUNICIPIUL BUCURESTI > BUCURESTI SECTORUL 2,0731410381,
PYTA TRANSPORT AUTO SRL,pytatransportauto@gmail.com,,+40785454188,
RACE DELIVERY SRL,mihaela.baila@octogonhr.ro,,+40720333068,
RARES VLAD COP SPEDITION SRL,gabi_copaci@yahoo.com,,+40735266557,
RA-UF LOGISTIC S.R.L.,expertcontabilag@gmail.com,,+40745186188,
RED FAST LOGISTICS SRL,contabilitate.redfast@gmail.com,PITESTI,,
RIM AUTOLOGISTIC SRL,office@rimauto.ro,,+40799017071,
Rodali Cargo,rodali.cargo@gmail.com,Giubega,0755666919,
RUYU SPEDITION SRL,ruyutransportdispecer@gmail.com,Bistrița-Năsăud > MUNICIPIUL BISTRITA > BISTRITA,0770467305,
RUYU TRANSPORT SRL,loredana.ruyu@gmail.com,,+40770467305,
SABIL TRANSPORT,sabil.trans@hotmail.com,Sibiu > MUNICIPIUL SIBIU > SIBIU,0727314208,
SABU TAY TRANSPORT S.R.L.,sabutaytransport@gmail.com,Sibiu > MUNICIPIUL SIBIU > SIBIU,0774068162,
SAGA LOGISTICS MANAGEMENT SRL,profuture@gmail.com,Municipiul Constanta,,
SAVA LOGISTIC SRL,mbufnea@nervia.ro,Cluj > MUNICIPIUL CLUJ-NAPOCA > CLUJ-NAPOCA,0751513173,
SC ALBA SPEDITION SRL,cordea.sorin@yahoo.com,Alba > MUNICIPIUL ALBA IULIA,0745664148,
SCATRANS LOGISTIC SRL,scatranslogistic@gmail.com,,+40754883412,
SC BIREME DELIVERY SRL,biremedelivery@gmail.com,Municipiul București > MUNICIPIUL BUCURESTI > BUCURESTI SECTORUL 4,0730 743 101,
S.C. CLEANING LOGISTIC DISTRIBUTION S.R.L.,office@cleaninglogistic.ro,Bucuresti,0730118539,
SC COS PETRANSPORT,costel.petronela@yahoo.com,,+40762392132,
S.C. CURIER TRANS EXPRESS,neagu_ionut18@yahoo.com,,+40723355884,
SC EXPRES TRANSPORT SA,office@eta.ro,,+40799064027,
S.C. Expres Transport S.A.,office@eta.ro,Târgu Jiu,+40799064027,
SC FAN COURIER EXPRESS SRL,hr@fancourier.ro,Bucuresti,0219336000,
S.C. Fan Courier Express S.R.L.,hr@fancourier.ro,București,0219336000,
S.C.GIROCOU LOGISTIC SRL,girocoulogistic@gmail.com,Brașov > VISTEA > VISTEA DE SUS,0762666040,
SCHENKER LOGISTICS ROMANIA S.A.,sales.ro@dbschenker.com,Bukarest,0213176136,
SC INTERABS LOGISTIC SRL,interabslogistic@gmail.com,Arad > MUNICIPIUL ARAD > ARAD,0740476221,
S.C. KRK TRANSPORT S.R.L.,erturkcalina@yahoo.com,Arad > MUNICIPIUL ARAD > ARAD,0736701904,
SC LANCETTI TRANSPORT SRL,hr@lancetti.ro,Bihor > MUNICIPIUL ORADEA > ORADEA,0748115346,
S.C. MATEPRIM CARGO S.R.L.,mateprim.cargo@gmail.com,,+40743863937,
SC MIS EXPERT DELIVERY SRL,ionutmoldovan63@yahoo.com,,+40740377158,
SC NIGADA CURIER SRL,nigadacurier@gmail.com,Municipiul București > MUNICIPIUL BUCURESTI > BUCURESTI SECTORUL 3,0761600440,
SC Nuova F&V Transport SRL,ramona@fvtransport.ro,Arad > MUNICIPIUL ARAD > ARAD,0756138686,
S.C. ROMCURIER SRL,vioricanegrut@fancourier.ro,Bihor > MUNICIPIUL ORADEA > ORADEA,0728889502,
S.C.RZV LOGISTIC SRL,rzv.logistic@gmail.com,Sibiu > SLIMNIC > SLIMNIC,-,
SC SLCAM DELIVERY SRL,alexandru.micu@yahoo.com,Ilfov > MOGOSOAIA > MOGOSOAIA,0754949494,
S.C.SMART SPEDITION SRL,office@smartspedition.ro,Ilfov > CIOROGARLA > CIOROGARLA,0736 398 300,
SC TRANSPORT PUBLIC LOCAL DE PERSOANE SRL,tplp2024@yahoo.com,Teleorman > MUNICIPIUL ALEXANDRIA > ALEXANDRIA,Nu sunt date,
SC TRANSPORTURI JOHN SRL,lucaciioan921@gmail.com,,+40731464540,
S.C. UNITED EURO SPEDITION S.R,staff@expresseuroscan.com,Suceava > BOSANCI > BOSANCI,0746270793,
SC VADAGRAR LOGISTIC SRL,vadagrarlogistic@gmail.com,Bihor,,https://produsmontan.ro/produse_montane/cas-sc-vadagrar-logistic-srl/
SC ZEK DELIVERY SRL,zekdeliverysrl@yahoo.com,Mureș > ORAS LUDUS > LUDUS,0774424606,
SEAE DELIVERY & SALE,profleet_seae@yahoo.com,Municipiul București > MUNICIPIUL BUCURESTI > BUCURESTI SECTORUL 1,-,
S.E.A TRANSILVANIAN TRANSPORT,sea.transilvania@gmail.com,,+40742731147,
SIRBU TRANSPORTE SRL,stefania_partene@yahoo.com,Bistrița-Năsăud > MUNICIPIUL BISTRITA,0753431659,
SMART SUPPLY LOGISTIC S.R.L.,resurseumane@smartqc.ro,Argeș > ORAS MIOVENI,0727361547,
SMILE & FOOD DELIVERY S.R.L.,kemal602000@gmail.com,,+40728561731,
SND VASI TRANSPORT S.R.L.,snd_vassy2019@yahoo.com,Suceava > VICOVU DE JOS > VICOVU DE JOS,0737874530,
SOCIETATEA DE TRANSPORT PUBLIC TIMISOARA S.A.,resurse.umane@stpt.ro,Timiș > MUNICIPIUL TIMISOARA > TIMISOARA,0356803713,
SOCIETATEA NATIONALA DE TRANSPORT GAZE NATURALE TRANSGAZ SA,anamaria.niculescu@transgaz.ro,MEDIAS,+40269801524,
Societatea pentru Servicii de Mentenanta a Retelei Electrice de Transport Smart,gabriela.fodorean@smartcj.ro,Bucuresti,0264405552,
SOCIETATEA PENTRU SERVICII DE MENTENANTA A RETELEI ELECTRICE DE TRANSPORT "SMART" SA,anca.dulgheru@smart-b.ro,,+40314257195,
SOCIETATEA PENTRU SERVICII DE MENTENANTA A RETELEI ELECTRICE DE TRANSPORT "SMART"" SA",gabriela.fodorean@smartcj.ro,Municipiul București > MUNICIPIUL BUCURESTI > BUCURESTI SECTORUL 1,0264405552,
SOS DELIVERY S.R.L.,stefan.armeanu1104@gmail.com,Municipiul București > MUNICIPIUL BUCURESTI > BUCURESTI SECTORUL 2,0738762033,
SPARKLING FLASH DELIVERY S.R.L.,office@maustache.ro,Municipiul București > MUNICIPIUL BUCURESTI > BUCURESTI SECTORUL 2,+40738762033,
SPRINTER COURIER GLOBAL SRL,sprinter_curier@yahoo.com,Targsoru Vechi,+40725482379,
TASKFORCE LOGISTICS  S.R.L.,alex.gabriel.dragu@gmail.com,Timiș > MUNICIPIUL TIMISOARA > TIMISOARA,0735356054,
T.B.T. LOGISTIC INTERNATIONAL SRL,hr@tbtlogistic.eu,Brașov > MUNICIPIUL BRASOV > BRASOV,0368/401350,
TEXCARGO SRL,accounting.texcargo@ponsa.com,Arad > MUNICIPIUL ARAD > ARAD,0257288035,
TIME PAD DELIVERY S.R.L.,pizzatimesibiu@gmail.com,,+40741453914,
TOP BBS CARGO SRL,fanutfanut184@yahoo.com,,+40755664291,
TRANSDONI LOGISTIC SRL,iordacheanamaria19@yahoo.com,Sat Geamana, Comuna Bradu,+40721903900,
TRANS MM TRANSPORT SRL,o.zengin1905@icloud.com,Timiș > MUNICIPIUL TIMISOARA,0744621051,
TRANSPECO LOGISTICS & DISTRIBUTION SA,office@transpeco.ro,BUCURESTI, SECTORUL 1,0212119815,
TRANSPORTATION EXPRESS SRL,poduryan86@mail.ru,Iași > REDIU > BREAZU,0740130764,
TRANSPORT CĂLĂTORI EXPRESS S.A.,andreea.mihalcea@ratph.ro,Prahova > MUNICIPIUL PLOIESTI > PLOIESTI,0244543751,
TRANSPORT MONITOR CONTROL SRL,hr.romania@essers.com,,+40259476808,
TRANSPORT URBAN PUBLIC SRL,resurseumane@tupturda.ro,Cluj > MUNICIPIUL TURDA > TURDA,0264 312257,
URG LOGISTIC SRL,tepuc_urgent@yahoo.com,,+40744124192,
VAS CURIER EXPRESS SRL,vasile.diaconu@fancourier.ro,,+40766475621,
VECTRA LOGISTIC SRL,office@vectralogistic.ro,Brașov > MUNICIPIUL BRASOV > BRASOV,0722343532,
VICTOR SPEDITION S.R.L.,pienarinstal@yahoo.com,Loc. Simeria, Oras Simeria,,
VLADIS DELIVERY SRL,mihaela_serban81@yahoo.com,,+40736781962,
VOS LOGISTICS CARGO SA,hr.romania@voslogistics.com,Cluj > MUNICIPIUL CLUJ-NAPOCA > CLUJ-NAPOCA,0733071444,
VULP LOGISTICS SRL,somaj.vulplogistic@yahoo.com,Cluj > MUNICIPIUL CAMPIA TURZII > CAMPIA TURZII,0758415881,
YUSEN LOGISTICS ROMANIA S.R.L.,hr@ro.yusen-logistics.com,Municipiul București > MUNICIPIUL BUCURESTI > BUCURESTI SECTORUL 6,0312292722,
