company,email,county,category
Galbani,,,dairy
Lactis,achizitii@lactis.md,,dairy
Neptun SRL,neptunalbaiulia@gmail.com,Alba,meat
Splendid SRL,office@pensiuneasplendid.ro,Brasov,processor
Distributie pe Gustate,gabriela.iliescu@distributieoltenia.ro,Bucuresti,distributor
INDPRODCOM SRL,andreea.sabadac@ipcvending.ro,Alba,distributor
P&B DISTRIBUTION SRL,amion_distribution@yahoo.com,Bihor,distributor
Primitiv BBQ SRL,cristi@primitiv.ro,Bucuresti,distributor
Service General Club S.R.L,generalservicecreativ@gmail.com,Bucuresti,distributor
