email,source,country,language
aavenamz@impsat1.com.ar,AR_MinAgricultura,AR,ES
aavila@randstad.com.ar,Bodegas_AR,AR,ES
abelfurian@familia-furlan.com,Bodegas_AR,AR,ES
aceite.rico@iol-sa.com,AR_MinAgricultura,AR,ES
activasrl@sicurezzapostale.it,AR_Comprar,AR,ES
adiministracion@amaggi.com.ar,AR_MinAgricultura,AR,ES
adm@bressiabodega.com,Bodegas_AR,AR,ES
admi@lorenzoperlo.com.ar,AR_MinAgricultura,AR,ES
administracion2@fdla.com.ar,Bodegas_AR,AR,ES
administracion@bodegabenegas.com,Bodegas_AR,AR,ES
administracion@bodegadelosclop.com,Bodegas_AR,AR,ES
administracion@bodegalarural.com.ar,Bodegas_AR,AR,ES
administracion@bodegareyter.com.ar,Bodegas_AR,AR,ES
administracion@cabrini.com.ar,Bodegas_AR,AR,ES
administracion@coop.com.ar,AR_MinAgricultura,AR,ES
administracion@diazforti.com,AR_MinAgricultura,AR,ES
administracion@dicostanzo.com.ar,AR_MinAgricultura,AR,ES
administracion@elcerno-wines.com.ar,Bodegas_AR,AR,ES
administracion@franalco.com.ar,AR_MinAgricultura,AR,ES
administracion@hasu.com.ar,Bodegas_AR,AR,ES
administracion@lacteosvidal.com.ar,AR_MinAgricultura,AR,ES
administracion@mendel.com.ar,Bodegas_AR,AR,ES
administracion@mpampa.com.ar,AR_MinAgricultura,AR,ES
administracion@nuevoviento.com,AR_MinAgricultura,AR,ES
administracion@rewenwines.com,AR_MinAgricultura,AR,ES
administracionvm@puntadelagua.com.ar,AR_MinAgricultura,AR,ES
administracionwindy@arnetbiz.com.ar,AR_MinAgricultura,AR,ES
afasel@afasel.com.ar,AR_MinAgricultura,AR,ES
agramari@dondomenico.com.ar,AR_MinAgricultura,AR,ES
airia@airia.es,AR_Comprar,AR,ES
alafalla@donapaula.com.ar,AR_MinAgricultura,AR,ES
alejandroroca@rocawines.com,AR_MinAgricultura,AR,ES
alimar@alimar.com.ar,AR_MinAgricultura,AR,ES
allfoodsa@allfood.com.ar,AR_MinAgricultura,AR,ES
altavista@altavistawines.com,Bodegas_AR,AR,ES
altieri@altieri.com.ar,Bodegas_AR,AR,ES
altoverde1@arnet.com.ar,AR_MinAgricultura,AR,ES
altoverde@arnet.com.ar,AR_MinAgricultura,AR,ES
altoverde@speedy.com.ar,AR_MinAgricultura,AR,ES
amackern@gmail.com,AR_MinAgricultura,AR,ES
amanchon@cuvelierlosandes.com,Bodegas_AR,AR,ES
amazzoni@vacalin.com.ar,AR_MinAgricultura,AR,ES
andalhue@hotmail.com,AR_MinAgricultura,AR,ES
andrea@augustopulenta.com,AR_MinAgricultura,AR,ES
andrea@lacteoslablanca.com.ar,AR_MinAgricultura,AR,ES
anibalmarin@lasperdices.com,AR_MinAgricultura,AR,ES
antaris@centroantaris.org,AR_Comprar,AR,ES
aocda@cda-reseaux.com,AR_Comprar,AR,ES
ar@abcsystems.ch,AR_Comprar,AR,ES
arfa14@yahoo.com,AR_MinAgricultura,AR,ES
artancobaires@hispanoarg.com.ar,AR_MinAgricultura,AR,ES
artepesca.adm@gmail.com,AR_MinAgricultura,AR,ES
arturo.pera@total.com,AR_MinAgricultura,AR,ES
atencionalcliente@chirca.com,Bodegas_AR,AR,ES
atenciondigital@andreani.com,Bodegas_AR,AR,ES
atilioavena@speedy.com.ar,AR_MinAgricultura,AR,ES
baldinoadm@gmail.com,AR_MinAgricultura,AR,ES
baldinosa@speedy.com.ar,AR_MinAgricultura,AR,ES
beans@olega.com.ar,AR_MinAgricultura,AR,ES
bfattori@ug-ar.com,AR_MinAgricultura,AR,ES
bianchi@corlasa.com,AR_MinAgricultura,AR,ES
bodega@altosdelarinconada.com.ar,AR_MinAgricultura,AR,ES
bodega@augustopulenta.com,AR_MinAgricultura,AR,ES
bodega@bodegaeclipse.com.ar,Bodegas_AR,AR,ES
bodega@leoncioarizu.com.ar,Bodegas_AR,AR,ES
bodega@proemiowines.com,Bodegas_AR,AR,ES
bodegacassone@familiacassone.com.ar,Bodegas_AR,AR,ES
bodegacecchinexport@gmail.com,AR_MinAgricultura,AR,ES
bodegaduret@hotmail.com,Bodegas_AR,AR,ES
bodegaruggeri@gmail.com,Bodegas_AR,AR,ES
bodegarumel@gmail.com,Bodegas_AR,AR,ES
bodegas@neuquen.com,Bodegas_AR,AR,ES
bodegasaintremy@speedy.com.ar,AR_MinAgricultura,AR,ES
bodegaschirino@infovia.com.ar,AR_MinAgricultura,AR,ES
bodegasyvinedos@josemastroeni.com,Bodegas_AR,AR,ES
bombal@arnet.com.ar,Bodegas_AR,AR,ES
boulos.rebeiz@lseg.com,AR_Comprar,AR,ES
bpsanjorge@speedy.com.ar,AR_MinAgricultura,AR,ES
bvega@bodegastoso.com.ar,Bodegas_AR,AR,ES
c_c@fibertel.com.ar,AR_MinAgricultura,AR,ES
cabuin@congeladores.com.ar,AR_MinAgricultura,AR,ES
caicega@frigosursrl.com.ar,AR_MinAgricultura,AR,ES
caiyin2@hotmail.com,AR_MinAgricultura,AR,ES
callcenter@monsanto.com,AR_MinAgricultura,AR,ES
canaldebeaglemdp@gmail.com,AR_MinAgricultura,AR,ES
capycdulces@hotmail.com,AR_MinAgricultura,AR,ES
carga@cantabria.com,AR_MinAgricultura,AR,ES
carina.valicati@durigutti.com,Bodegas_AR,AR,ES
carinae@carinaevinos.com,Bodegas_AR,AR,ES
carla.martinez.labal@gmail.com,Bodegas_AR,AR,ES
carlos.molina@food-partners-patagonia.com,AR_MinAgricultura,AR,ES
carlospiattelli@masitupungato.com,Bodegas_AR,AR,ES
carlospm@speedy.com.ar,AR_MinAgricultura,AR,ES
catesursa@yahoo.com.ar,AR_MinAgricultura,AR,ES
cc@clement.com.ar,Bodegas_AR,AR,ES
ccantu@infovia.com.ar,Bodegas_AR,AR,ES
ccnadra@yahoo.com.ar,AR_MinAgricultura,AR,ES
cerealesmaggiolo@maggiolo.ar,AR_MinAgricultura,AR,ES
cervezarako@gmail.com,AR_MinAgricultura,AR,ES
cesarcicciotti@speedy.com.ar,AR_MinAgricultura,AR,ES
cgonzales@murville.com,AR_MinAgricultura,AR,ES
cgonzalez@murville.com,AR_MinAgricultura,AR,ES
chiarpesca@speedy.com.ar,AR_MinAgricultura,AR,ES
citrusvil@arnet.com.ar,AR_MinAgricultura,AR,ES
clientsupport@cullen-international.com,AR_Comprar,AR,ES
cnale2003@hotmail.com,AR_MinAgricultura,AR,ES
coastfish@hotmail.com,AR_MinAgricultura,AR,ES
comafiempresas@comafi.com.ar,Bodegas_AR,AR,ES
comercial@agrotoro.com.py,AR_MinAgricultura,AR,ES
comercial@c-grain.com.ar,AR_MinAgricultura,AR,ES
comercial@casamontes.com.ar,Bodegas_AR,AR,ES
comercialspecialseguridad@gmail.com,Bodegas_AR,AR,ES
comercio@chiarco.com.ar,AR_MinAgricultura,AR,ES
comercioexterior@ardapez.com.ar,AR_MinAgricultura,AR,ES
compras@natusur-sa.com.ar,AR_MinAgricultura,AR,ES
comunicacion@bodegasdeargentina.org,Bodegas_AR,AR,ES
concursos.spain@fresenius-kabi.com,AR_Comprar,AR,ES
congeladores@congeladores.com.ar,AR_MinAgricultura,AR,ES
consulta@vicentin.com.ar,AR_MinAgricultura,AR,ES
consultas@atamisque.com,Bodegas_AR,AR,ES
consultas@sofenia.com.ar,Bodegas_AR,AR,ES
contaco@cgc.com.ar,AR_MinAgricultura,AR,ES
contact-services@aiden-solidaire.com,AR_Comprar,AR,ES
contact@drift-sense.com,Bodegas_AR,AR,ES
contacto@cera.org.ar,MERCOSUR_SmallProducers,AR,ES
contacto@chanarmuyo.com,Bodegas_AR,AR,ES
contacto@divendres.com.ar,Bodegas_AR,AR,ES
contacto@frigpuertogaboto.com.ar,AR_MinAgricultura,AR,ES
contacto@puertoarroyoseco.com.ar,AR_MinAgricultura,AR,ES
contacto@putruele.com.ar,Bodegas_AR,AR,ES
contacto@vinosyspirits.com,Bodegas_AR,AR,ES
contaduria@conservaspuglisi.com.ar,AR_MinAgricultura,AR,ES
contaduria@coomarpes.com,AR_MinAgricultura,AR,ES
contaduria@motomel.com.at,AR_MinAgricultura,AR,ES
coop-tucangua@prico.com.ar,AR_MinAgricultura,AR,ES
coop@agede.com.ar,AR_MinAgricultura,AR,ES
cotagro@cotagro.com.ar,AR_MinAgricultura,AR,ES
crsaintremy@speedy.com.ar,AR_MinAgricultura,AR,ES
cspadone@bodegassanhuberto.com,Bodegas_AR,AR,ES
csuaya@pcartsargentina.com,AR_MinAgricultura,AR,ES
curcija@curcija.com.ar,AR_MinAgricultura,AR,ES
curtiembrepasodelrey@ciudad.com.ar,AR_MinAgricultura,AR,ES
czorders@thermofisher.com,AR_Comprar,AR,ES
danielbusquets@la-ramada.com.ar,AR_MinAgricultura,AR,ES
dario@cavasdesantos.com.ar,AR_MinAgricultura,AR,ES
dbenzi@manfrey.com.ar,AR_MinAgricultura,AR,ES
dbruschini@manisel.com.ar,AR_MinAgricultura,AR,ES
ddattoma@aet.group,AR_Comprar,AR,ES
desafio@speedy.com.ar,AR_MinAgricultura,AR,ES
dfabi@altosdelarinconada.com.ar,AR_MinAgricultura,AR,ES
diego.cagliolo@altamare.com.ar,AR_MinAgricultura,AR,ES
diego@lobapesquera.com,AR_MinAgricultura,AR,ES
diegot@montequieto.com,Bodegas_AR,AR,ES
dietmar.wald@ecoclean-group.net,AR_Comprar,AR,ES
dimartino_ricardo@yahoo.com.ar,AR_MinAgricultura,AR,ES
director@dulcedeleche.net,AR_MinAgricultura,AR,ES
directorio@magromer.com.ar,AR_MinAgricultura,AR,ES
discala@deciliasmarinas.com,AR_MinAgricultura,AR,ES
dlocatelli@veronica.com.ar,AR_MinAgricultura,AR,ES
dmeira@dondomenico.com.ar,AR_MinAgricultura,AR,ES
dolium@dolium.com,Bodegas_AR,AR,ES
doniano@outlook.com,AR_MinAgricultura,AR,ES
dr@abc-office.ch,AR_Comprar,AR,ES
dsantos@pesquerasanisidro.com.ar,AR_MinAgricultura,AR,ES
dte@pde.gov.gr,AR_Comprar,AR,ES
dzallio@bodegasalentein.com,AR_MinAgricultura,AR,ES
e.barguin@codorniu.com,Bodegas_AR,AR,ES
ebataller@ertach.com.ar,AR_MinAgricultura,AR,ES
ebianco@aylluswines.com.ar,AR_MinAgricultura,AR,ES
edelrio@cabovirgenes.com,AR_MinAgricultura,AR,ES
edietrich@tapaus.com.ar,AR_MinAgricultura,AR,ES
eduardo.boiero@arbumasa.com.ar,AR_MinAgricultura,AR,ES
eduardo@manilapatagonia.com,AR_MinAgricultura,AR,ES
eduardo@san-arawa.com,AR_MinAgricultura,AR,ES
efdehaut@uolsinectis.com.ar,AR_MinAgricultura,AR,ES
egizi@hotmail.com,AR_MinAgricultura,AR,ES
einkauf@muenzeoesterreich.at,AR_Comprar,AR,ES
elcorsariosa@hotmail.com,AR_MinAgricultura,AR,ES
eleiva@antigal.com,Bodegas_AR,AR,ES
elisabetta@viniesencia.com.ar,AR_MinAgricultura,AR,ES
elmarisco@elmariscosa.com.ar,AR_MinAgricultura,AR,ES
empl-vt-2024-003@ec.europa.eu,AR_Comprar,AR,ES
empresas@balanz.com,Bodegas_AR,AR,ES
enriqueftoso@gmail.com,Bodegas_AR,AR,ES
epuyen@epuyensa.com.ar,AR_MinAgricultura,AR,ES
esnal@empesur.com.ar,AR_MinAgricultura,AR,ES
esperandes@ciudad.com,AR_MinAgricultura,AR,ES
esquivel@merco.info,AR_MinAgricultura,AR,ES
estudiojuridicocasella@infovia.com.ar,AR_MinAgricultura,AR,ES
eti@eti-idf.fr,AR_Comprar,AR,ES
eturbay@lasmartinetas.com,AR_MinAgricultura,AR,ES
eugenio.tuteur@pescargen.com.ar,AR_MinAgricultura,AR,ES
evangemattera@hotmail.com,AR_MinAgricultura,AR,ES
exequiel.moratal@pernod-ricard-argentina.com,AR_MinAgricultura,AR,ES
experiencia@gimenezriili.com,Bodegas_AR,AR,ES
ezery@rafael.co.il,AR_Comprar,AR,ES
f.valcanover@tecmesrl.net,AR_Comprar,AR,ES
fabian.diyorio@diyorio.com.ar,AR_MinAgricultura,AR,ES
fabian.soli@newsan.com.ar,AR_MinAgricultura,AR,ES
fabian@pampafish.com,AR_MinAgricultura,AR,ES
fabianbarcio@hotmail.com,AR_MinAgricultura,AR,ES
fabianotero@patagonianseas.com.ar,AR_MinAgricultura,AR,ES
fcolombo@ccu.com.ar,Bodegas_AR,AR,ES
fdonluis@speedy.com.ar,AR_MinAgricultura,AR,ES
federico.azeglio@adecco.com,Bodegas_AR,AR,ES
federicoarostegui@agrouranga.com,AR_MinAgricultura,AR,ES
fernanda.quintana@chandon.com.ar,Bodegas_AR,AR,ES
fernando@27denoviembresa.com.ar,AR_MinAgricultura,AR,ES
fernandofesta@cavasdechacras.com.ar,AR_MinAgricultura,AR,ES
fgrasselli@williner.com.ar,AR_MinAgricultura,AR,ES
flemos@dobleasa.com.ar,AR_MinAgricultura,AR,ES
fmorillo@canadon.com.ar,AR_MinAgricultura,AR,ES
foagro@foagro.com.ar,AR_MinAgricultura,AR,ES
franco.castellana@siemens-healthineers.com,AR_Comprar,AR,ES
freixenet@freixenet.com.ar,Bodegas_AR,AR,ES
fvalfre@dmatorino.it,AR_Comprar,AR,ES
gabriel@cavasdel23.com.ar,AR_MinAgricultura,AR,ES
gabrielvernieres@saxsegisa.com.ar,AR_MinAgricultura,AR,ES
garanzini@noal.com,AR_MinAgricultura,AR,ES
gare.eurolabmedical@legalmail.it,AR_Comprar,AR,ES
garepfizer@pec.it,AR_Comprar,AR,ES
gattas@cuyowine.com,AR_MinAgricultura,AR,ES
gavetecosa@speedy.com.ar,AR_MinAgricultura,AR,ES
gdc1971@hotmail.com,AR_MinAgricultura,AR,ES
gerardo.dilorenzo@lockton.com,Bodegas_AR,AR,ES
gerencia@marumatok.com.ar,AR_MinAgricultura,AR,ES
ggalvez@corksupply.com.ar,Bodegas_AR,AR,ES
ggexporta@gmail.com,AR_MinAgricultura,AR,ES
ghegenkotter@ddfm.com.ar,AR_MinAgricultura,AR,ES
gjacob@bahiagrande.com.ar,AR_MinAgricultura,AR,ES
glorusso@flichman.com.ar,Bodegas_AR,AR,ES
goodfishsrl@hotmail.com,AR_MinAgricultura,AR,ES
gpolosur@speedy.com.ar,AR_MinAgricultura,AR,ES
greco_juanalberto@yahoo.com.ar,AR_MinAgricultura,AR,ES
guest@ojodevino.com,Bodegas_AR,AR,ES
guillermo@estudionozica.com.ar,AR_MinAgricultura,AR,ES
guillermovitullo@gmail.com,AR_MinAgricultura,AR,ES
gustavo@caligiore.com.ar,AR_MinAgricultura,AR,ES
gvillegas@pescaecoprom.com.ar,AR_MinAgricultura,AR,ES
hansungarsa@hansung.com.ar,AR_MinAgricultura,AR,ES
hermangbaldino@gmail.com,AR_MinAgricultura,AR,ES
hmanca@bodegahinojosa.com,Bodegas_AR,AR,ES
ileana@rewenwines.com,AR_MinAgricultura,AR,ES
imayorga@agro.uba.ar,AR_MinAgricultura,AR,ES
ind.santamaria@gmail.com,AR_MinAgricultura,AR,ES
ines.iuri@ckasociados.com.ar,AR_MinAgricultura,AR,ES
info@aadee.com.ar,AR_Comprar,AR,ES
info@aasc.com.ar,AR_Comprar,AR,ES
info@able.ar,AR_Comprar,AR,ES
info@abrilmed.com.ar,AR_Comprar,AR,ES
info@abservicio.com,AR_Comprar,AR,ES
info@accsys.com.ar,AR_Comprar,AR,ES
info@acsys.com,AR_Comprar,AR,ES
info@acuarela.com.ar,AR_Comprar,AR,ES
info@acudir.com,AR_Comprar,AR,ES
info@adisfarm.com.ar,AR_Comprar,AR,ES
info@advantek.com,AR_Comprar,AR,ES
info@aeroparts.com,AR_Comprar,AR,ES
info@agrofin.com.ar,AR_MinAgricultura,AR,ES
info@aguascristalinas.com.ar,AR_Comprar,AR,ES
info@aguasjelsi.com.ar,AR_Comprar,AR,ES
info@aguilarequipamientos.com,AR_Comprar,AR,ES
info@agusfumigaciones.com.ar,AR_Comprar,AR,ES
info@agustiner.com,AR_MinAgricultura,AR,ES
info@aiera.org,MERCOSUR_SmallProducers,AR,ES
info@airearg.com.ar,AR_Comprar,AR,ES
info@airfil.com.ar,AR_Comprar,AR,ES
info@ajequipamientos.com.ar,AR_Comprar,AR,ES
info@albertomartini.com,AR_Comprar,AR,ES
info@albertopetersen.com.ar,AR_Comprar,AR,ES
info@aleaycia.com.ar,AR_MinAgricultura,AR,ES
info@alfarma.com.ar,AR_Comprar,AR,ES
info@alicampo.com.ar,AR_MinAgricultura,AR,ES
info@allinsa.com,Bodegas_AR,AR,ES
info@allmedic.com.ar,AR_Comprar,AR,ES
info@almaclip.com.ar,AR_Comprar,AR,ES
info@alonsoingenieria.com.ar,AR_Comprar,AR,ES
info@altoslashormigas.com,Bodegas_AR,AR,ES
info@alvarezneumaticos.com,AR_Comprar,AR,ES
info@amalia.com.ar,Bodegas_AR,AR,ES
info@ambali.com.ar,AR_MinAgricultura,AR,ES
info@americantec.com.ar,AR_Comprar,AR,ES
info@americantraffic.com.ar,AR_Comprar,AR,ES
info@analen.com.ar,AR_Comprar,AR,ES
info@anamarialopez.com,AR_Comprar,AR,ES
info@anchomarindustria.com,AR_MinAgricultura,AR,ES
info@andreanilogistica.com.ar,AR_Comprar,AR,ES
info@andreoli.com,AR_MinAgricultura,AR,ES
info@andrescruz.com,AR_Comprar,AR,ES
info@anklo.com.ar,AR_Comprar,AR,ES
info@antelsoluciones.com.ar,AR_Comprar,AR,ES
info@antiguabodega.com,AR_MinAgricultura,AR,ES
info@antucura.com,Bodegas_AR,AR,ES
info@apbiotech.com.ar,AR_Comprar,AR,ES
info@aqualine.com.ar,AR_Comprar,AR,ES
info@arcangelmaggio.com.ar,AR_Comprar,AR,ES
info@areacuatro.com.ar,AR_Comprar,AR,ES
info@argcolor.com.ar,AR_Comprar,AR,ES
info@argenplagas.com,AR_Comprar,AR,ES
info@argenserv.com,AR_Comprar,AR,ES
info@arkish.com,AR_Comprar,AR,ES
info@arnoa.com.ar,AR_Comprar,AR,ES
info@arplat.com.ar,AR_Comprar,AR,ES
info@asctelesi.com.ar,AR_Comprar,AR,ES
info@asertiva.com.ar,AR_Comprar,AR,ES
info@asist.com.ar,AR_Comprar,AR,ES
info@audec.com.ar,AR_Comprar,AR,ES
info@automationsystems.com,AR_Comprar,AR,ES
info@autosdelsur.com.ar,AR_Comprar,AR,ES
info@aymdesposito.com.ar,AR_Comprar,AR,ES
info@ayuquelen.com.ar,AR_Comprar,AR,ES
info@balbi.ar,AR_Comprar,AR,ES
info@bani.com.ar,AR_Comprar,AR,ES
info@barkley.com,AR_Comprar,AR,ES
info@basculasgama.com.ar,AR_Comprar,AR,ES
info@bayer.ar,AR_Comprar,AR,ES
info@bazarchef.com.ar,AR_Comprar,AR,ES
info@bdfm.com.ar,Bodegas_AR,AR,ES
info@bebanato.com.ar,AR_Comprar,AR,ES
info@bganalizadores.com.ar,AR_Comprar,AR,ES
info@bioartis.com.ar,AR_Comprar,AR,ES
info@biodiagnostico.com.ar,AR_Comprar,AR,ES
info@biofarma.com.ar,AR_Comprar,AR,ES
info@bioquimica.com.ar,AR_Comprar,AR,ES
info@bioreba.com,AR_Comprar,AR,ES
info@biosidusfarma.com.ar,AR_Comprar,AR,ES
info@biosystems.com.ar,AR_Comprar,AR,ES
info@biotenk.com.ar,AR_Comprar,AR,ES
info@bluepatagon.com.ar,AR_Comprar,AR,ES
info@bodegaargento.com,Bodegas_AR,AR,ES
info@bodegacarelli.com.ar,Bodegas_AR,AR,ES
info@bodegacorreas.com.ar,Bodegas_AR,AR,ES
info@bodegacruzat.com,Bodegas_AR,AR,ES
info@bodegafurlotti.com,Bodegas_AR,AR,ES
info@bodegagamboa.com.ar,Bodegas_AR,AR,ES
info@bodegahcanale.com,Bodegas_AR,AR,ES
info@bodegaposse.com.ar,AR_MinAgricultura,AR,ES
info@bodegarenacer.com.ar,Bodegas_AR,AR,ES
info@bodegasaldungaray.com.ar,Bodegas_AR,AR,ES
info@bodegasbianchi.com.ar,Bodegas_AR,AR,ES
info@bodegasborbore.com.ar,Bodegas_AR,AR,ES
info@bodegascallia.com,AR_MinAgricultura,AR,ES
info@bodegasesmeralda.com.ar,Bodegas_AR,AR,ES
info@bodegasinfin.com,Bodegas_AR,AR,ES
info@bodegasottano.com,Bodegas_AR,AR,ES
info@bombay.com.ar,AR_Comprar,AR,ES
info@bonafe.com.ar,AR_Comprar,AR,ES
info@briefing360.com.ar,AR_Comprar,AR,ES
info@budeguer.com,Bodegas_AR,AR,ES
info@buswagen.com.ar,AR_Comprar,AR,ES
info@bymed.com.ar,AR_Comprar,AR,ES
info@cafeoyambre.com.ar,AR_Comprar,AR,ES
info@cagsa.com,AR_MinAgricultura,AR,ES
info@cagsaflexitanks.com,AR_MinAgricultura,AR,ES
info@campamento.com,AR_Comprar,AR,ES
info@carols.com.ar,AR_Comprar,AR,ES
info@caryhard.com.ar,AR_Comprar,AR,ES
info@caterind.com.ar,AR_Comprar,AR,ES
info@cattorinihnos.com,Bodegas_AR,AR,ES
info@ccrgroup.com.ar,AR_Comprar,AR,ES
info@centromedicodelplata.com,AR_Comprar,AR,ES
info@ceosmedica.com.ar,AR_Comprar,AR,ES
info@certisur.com,AR_Comprar,AR,ES
info@cervezasieteymedio.com.ar,AR_MinAgricultura,AR,ES
info@cetecsudamericana.com.ar,AR_Comprar,AR,ES
info@cetine.com,AR_Comprar,AR,ES
info@chacmol.com,AR_Comprar,AR,ES
info@chaer.com.ar,AR_Comprar,AR,ES
info@chevaldesandes.com,Bodegas_AR,AR,ES
info@choel.com,AR_Comprar,AR,ES
info@ciageser.com.ar,AR_Comprar,AR,ES
info@cibernek.com.ar,AR_Comprar,AR,ES
info@cidicom.com,AR_Comprar,AR,ES
info@cientist.com,AR_Comprar,AR,ES
info@cirugiaargentina.com,AR_Comprar,AR,ES
info@cirugiajf.com.ar,AR_Comprar,AR,ES
info@citarella.com.ar,AR_Comprar,AR,ES
info@clinicalar.com.ar,AR_Comprar,AR,ES
info@clorosol.com,AR_Comprar,AR,ES
info@closdechacras.com.ar,Bodegas_AR,AR,ES
info@closdelossiete.com,Bodegas_AR,AR,ES
info@coalve.com,AR_Comprar,AR,ES
info@cofradis.com,AR_Comprar,AR,ES
info@comle.com,AR_Comprar,AR,ES
info@commsworks.com,AR_Comprar,AR,ES
info@concibe.com.ar,AR_Comprar,AR,ES
info@confecat.com.ar,AR_Comprar,AR,ES
info@congresscity.com.ar,AR_Comprar,AR,ES
info@conirrad.com.ar,AR_Comprar,AR,ES
info@conmil.com.ar,AR_Comprar,AR,ES
info@contelec.com,AR_Comprar,AR,ES
info@contrinihnos.com.ar,AR_Comprar,AR,ES
info@convergenciadigital.com.ar,AR_Comprar,AR,ES
info@copysur.com.ar,AR_Comprar,AR,ES
info@coradir.com.ar,AR_Comprar,AR,ES
info@corazondelsol.com,Bodegas_AR,AR,ES
info@coregroup.com.ar,AR_Comprar,AR,ES
info@corevi.com,AR_Comprar,AR,ES
info@corpomedica.com.ar,AR_Comprar,AR,ES
info@corralonaustral.com,AR_Comprar,AR,ES
info@corralondemateriales.com.ar,AR_Comprar,AR,ES
info@cosmobio.com.ar,AR_Comprar,AR,ES
info@covidex.com.ar,AR_Comprar,AR,ES
info@cptintegral.com.ar,AR_Comprar,AR,ES
info@cpwines.com,Bodegas_AR,AR,ES
info@cristalesmitre.com.ar,AR_Comprar,AR,ES
info@croma.com.ar,AR_Comprar,AR,ES
info@cromoion.com,AR_Comprar,AR,ES
info@crotta.com.ar,Bodegas_AR,AR,ES
info@cruzdelmar.com,AR_Comprar,AR,ES
info@cueroval.com,AR_Comprar,AR,ES
info@curimbasa.com.ar,AR_MinAgricultura,AR,ES
info@daiko.com.ar,AR_Comprar,AR,ES
info@damicosistemas.com,AR_Comprar,AR,ES
info@damitechargentina.com.ar,AR_Comprar,AR,ES
info@dataglobal.com.ar,AR_Comprar,AR,ES
info@datasense.com.ar,AR_Comprar,AR,ES
info@dcdproducts.com.ar,AR_Comprar,AR,ES
info@decorn.com,AR_Comprar,AR,ES
info@deglap.com,AR_Comprar,AR,ES
info@dehner.com,AR_Comprar,AR,ES
info@dellatoffola.com.ar,Bodegas_AR,AR,ES
info@delrioelorza.com,Bodegas_AR,AR,ES
info@dervinsa.com.ar,Bodegas_AR,AR,ES
info@desdelsur.com,AR_MinAgricultura,AR,ES
info@desicom.com.ar,AR_Comprar,AR,ES
info@desler.com,AR_Comprar,AR,ES
info@dibaxpharma.com.ar,AR_Comprar,AR,ES
info@digitalcolorgroup.com.ar,AR_Comprar,AR,ES
info@digodat.com,AR_Comprar,AR,ES
info@dimarlogistica.com,AR_Comprar,AR,ES
info@dinatech.com.ar,AR_Comprar,AR,ES
info@distmaster.com.ar,AR_Comprar,AR,ES
info@dixieventos.com.ar,AR_Comprar,AR,ES
info@dmdealers.com.ar,AR_Comprar,AR,ES
info@dnmfarma.com.ar,AR_Comprar,AR,ES
info@dodecaedro.com.ar,AR_Comprar,AR,ES
info@domainelebilloud.com,Bodegas_AR,AR,ES
info@dominiodelplata.com.ar,Bodegas_AR,AR,ES
info@drogueriaartigas.com.ar,AR_Comprar,AR,ES
info@drogueriadimat.com.ar,AR_Comprar,AR,ES
info@drogueriafamily.com.ar,AR_Comprar,AR,ES
info@droguerialibertad.com.ar,AR_Comprar,AR,ES
info@dyrservicios.com.ar,AR_Comprar,AR,ES
info@ebox.ar,AR_Comprar,AR,ES
info@ecco.com.ar,AR_Comprar,AR,ES
info@ecofactory.com.ar,AR_Comprar,AR,ES
info@econ.com.ar,AR_Comprar,AR,ES
info@ecser.com,AR_Comprar,AR,ES
info@edaci.com,AR_Comprar,AR,ES
info@edgar.com.ar,AR_Comprar,AR,ES
info@ejes.com.ar,AR_Comprar,AR,ES
info@elcaciquelimpieza.com.ar,AR_Comprar,AR,ES
info@electromedik.com.ar,AR_Comprar,AR,ES
info@electromilenio.com.ar,AR_Comprar,AR,ES
info@electronplast.com,AR_Comprar,AR,ES
info@elensia.com,AR_Comprar,AR,ES
info@elespartano.com.ar,AR_Comprar,AR,ES
info@elproductor.com.ar,AR_Comprar,AR,ES
info@embiotec.com.ar,AR_Comprar,AR,ES
info@emec.com.ar,AR_Comprar,AR,ES
info@emelec.com,AR_Comprar,AR,ES
info@emilioalal.com.ar,AR_MinAgricultura,AR,ES
info@emixer.com.ar,AR_Comprar,AR,ES
info@energroup.com.ar,AR_Comprar,AR,ES
info@engelhart.ort.se,AR_MinAgricultura,AR,ES
info@enygen.com,AR_Comprar,AR,ES
info@equipamientosdeluca.com.ar,AR_Comprar,AR,ES
info@erco.com,AR_Comprar,AR,ES
info@ericnet.com.ar,AR_Comprar,AR,ES
info@errede.com.ar,AR_Comprar,AR,ES
info@errepar.com.ar,AR_Comprar,AR,ES
info@estebanmolina.com.ar,AR_Comprar,AR,ES
info@estudioingvilla.com.ar,AR_Comprar,AR,ES
info@euquisa.com.ar,AR_Comprar,AR,ES
info@euroswiss.com.ar,AR_Comprar,AR,ES
info@eventoscorporativos.com.ar,AR_Comprar,AR,ES
info@expofrut.com.ar,AR_MinAgricultura,AR,ES
info@externalmarket.com.ar,AR_Comprar,AR,ES
info@extrapower.com.ar,AR_Comprar,AR,ES
info@fain.com,AR_Comprar,AR,ES
info@familiafalasco.com,Bodegas_AR,AR,ES
info@faytim.com,AR_Comprar,AR,ES
info@fedimed.com.ar,AR_Comprar,AR,ES
info@feraval.com.ar,AR_Comprar,AR,ES
info@fernandobellonisa.com.ar,AR_Comprar,AR,ES
info@ferrecentro.com.ar,AR_Comprar,AR,ES
info@ferrer.com.ar,AR_Comprar,AR,ES
info@ferreteriaargentina.com.ar,AR_Comprar,AR,ES
info@fiincalasmoras.com.ar,Bodegas_AR,AR,ES
info@fincaagostino.com,Bodegas_AR,AR,ES
info@fincaelorigen.com,Bodegas_AR,AR,ES
info@fincalaluz.com.ar,Bodegas_AR,AR,ES
info@fincalasyeguas.com.ar,AR_MinAgricultura,AR,ES
info@fincamevi.com.ar,Bodegas_AR,AR,ES
info@fonseca.com.ar,AR_MinAgricultura,AR,ES
info@foodpackaging.com.ar,AR_Comprar,AR,ES
info@foodwaysa.com,AR_MinAgricultura,AR,ES
info@formato.com,AR_Comprar,AR,ES
info@fracchiaequipos.com.ar,AR_Comprar,AR,ES
info@franciscofernandez.com,AR_Comprar,AR,ES
info@fuegomat.com.ar,AR_Comprar,AR,ES
info@gabiart.com.ar,AR_Comprar,AR,ES
info@gasaustral.com.ar,AR_Comprar,AR,ES
info@gboargentina.com,AR_Comprar,AR,ES
info@gelec.com.ar,AR_Comprar,AR,ES
info@genbiotech.com.ar,AR_Comprar,AR,ES
info@gestion.com.ar,AR_Comprar,AR,ES
info@ginache.com.ar,AR_Comprar,AR,ES
info@glan.com,AR_Comprar,AR,ES
info@globalgate.com.ar,AR_Comprar,AR,ES
info@goldenargentina.com,AR_MinAgricultura,AR,ES
info@gplpetcare.com.ar,AR_Comprar,AR,ES
info@gradicom.com,AR_Comprar,AR,ES
info@graffignawines.com,AR_MinAgricultura,AR,ES
info@greensoft.com.ar,AR_Comprar,AR,ES
info@griensu.com,AR_Comprar,AR,ES
info@grubsa.com,AR_Comprar,AR,ES
info@grupoasc.com.ar,AR_Comprar,AR,ES
info@grupoavinea.com,Bodegas_AR,AR,ES
info@grupocavigliasso.com.ar,AR_MinAgricultura,AR,ES
info@grupocolonia.com.ar,AR_Comprar,AR,ES
info@grupoefia.com.ar,AR_Comprar,AR,ES
info@grupofaro.com.ar,AR_Comprar,AR,ES
info@grupomattera.com,AR_MinAgricultura,AR,ES
info@gruponyx.com,AR_Comprar,AR,ES
info@grupotba.com,AR_Comprar,AR,ES
info@gsjsa.com,AR_Comprar,AR,ES
info@guerrinineumaticos.com.ar,AR_Comprar,AR,ES
info@guillermofracchia.com.ar,AR_Comprar,AR,ES
info@habitatecologico.ar,AR_Comprar,AR,ES
info@haciendadelplata.com,Bodegas_AR,AR,ES
info@haciendasfederales.com,AR_Comprar,AR,ES
info@hammurabi.com.ar,AR_Comprar,AR,ES
info@handel.com.ar,AR_Comprar,AR,ES
info@hemomedica.com.ar,AR_Comprar,AR,ES
info@herpel.com,AR_Comprar,AR,ES
info@herramentaldecorte.com.ar,AR_Comprar,AR,ES
info@hidraco.com.ar,AR_Comprar,AR,ES
info@hidraulicayneumatica.com,AR_Comprar,AR,ES
info@hidromec.com.ar,AR_Comprar,AR,ES
info@hidrorep.com.ar,AR_Comprar,AR,ES
info@hmbiomedic.com.ar,AR_Comprar,AR,ES
info@hogarstyle.com.ar,AR_Comprar,AR,ES
info@huaco.com.ar,AR_Comprar,AR,ES
info@icapsa.com,AR_Comprar,AR,ES
info@idgroup.com.ar,AR_Comprar,AR,ES
info@idodesign.com,AR_Comprar,AR,ES
info@idsboiler.com.ar,AR_Comprar,AR,ES
info@illinois.argentina.com.ar,AR_MinAgricultura,AR,ES
info@imas.com.ar,AR_Comprar,AR,ES
info@immunology.com.ar,AR_Comprar,AR,ES
info@indumentarialujan.com.ar,AR_Comprar,AR,ES
info@industriamedicina.com,Bodegas_AR,AR,ES
info@inforest.com.ar,AR_Comprar,AR,ES
info@informaticabarracas.com.ar,AR_Comprar,AR,ES
info@informaticaglobal.com.ar,AR_Comprar,AR,ES
info@informaticapalmar.com.ar,AR_Comprar,AR,ES
info@ingcaruso.com.ar,AR_Comprar,AR,ES
info@ingenarq.com.ar,AR_Comprar,AR,ES
info@ingenieriacaamano.com,AR_Comprar,AR,ES
info@instrumentalia.com.ar,AR_Comprar,AR,ES
info@intelektron.com.ar,AR_Comprar,AR,ES
info@interciencia.com,AR_Comprar,AR,ES
info@interconnect.com.ar,AR_Comprar,AR,ES
info@intermepro.com,AR_Comprar,AR,ES
info@iparraguirrehnos.com,AR_Comprar,AR,ES
info@iram.com.ar,AR_Comprar,AR,ES
info@irongroup.com,AR_Comprar,AR,ES
info@iscoders.com.ar,AR_Comprar,AR,ES
info@iting.com.ar,AR_Comprar,AR,ES
info@iudicavinos.com,Bodegas_AR,AR,ES
info@jenck.com,AR_Comprar,AR,ES
info@jorgenewbery.com,AR_Comprar,AR,ES
info@joseluisdominguez.com,AR_Comprar,AR,ES
info@joseluisibanez.com,AR_Comprar,AR,ES
info@jotatechnology.com,AR_Comprar,AR,ES
info@juancarlosguerra.com,AR_Comprar,AR,ES
info@juanmanuelflores.com,AR_Comprar,AR,ES
info@kelmerargentina.com.ar,AR_Comprar,AR,ES
info@kfyr.com.ar,AR_Comprar,AR,ES
info@kifermedical.com,AR_Comprar,AR,ES
info@kyas.com.ar,AR_Comprar,AR,ES
info@laboratoriosbernabo.com.ar,AR_Comprar,AR,ES
info@laboratoriosbiofarma.com,AR_Comprar,AR,ES
info@laboratoriosbritania.com,AR_Comprar,AR,ES
info@lactear.com.ar,AR_MinAgricultura,AR,ES
info@lagarde.com.ar,Bodegas_AR,AR,ES
info@laserdigital.com,AR_Comprar,AR,ES
info@lastech.com.ar,AR_Comprar,AR,ES
info@latinparts.com,AR_Comprar,AR,ES
info@leguero.com.ar,AR_Comprar,AR,ES
info@legumbreselio.com,AR_MinAgricultura,AR,ES
info@lessiver.com.ar,AR_Comprar,AR,ES
info@lidus.com.ar,AR_Comprar,AR,ES
info@limpol.com.ar,AR_Comprar,AR,ES
info@lobar.com,AR_Comprar,AR,ES
info@logisticanaval.com.ar,AR_Comprar,AR,ES
info@lucygroup.com.ar,AR_Comprar,AR,ES
info@lufran.com,AR_Comprar,AR,ES
info@lunaaustral.com.ar,Bodegas_AR,AR,ES
info@lunazsrl.com.ar,AR_Comprar,AR,ES
info@lurovy.com.ar,AR_Comprar,AR,ES
info@lxargentina.com.ar,AR_Comprar,AR,ES
info@lyme.com.ar,AR_Comprar,AR,ES
info@magallanesmedia.com.ar,AR_Comprar,AR,ES
info@maldatec.com.ar,AR_Comprar,AR,ES
info@malibu.ar,AR_Comprar,AR,ES
info@mancrol.com.ar,AR_Comprar,AR,ES
info@maoz.com.ar,AR_Comprar,AR,ES
info@margarianeumaticos.com.ar,AR_Comprar,AR,ES
info@marinelogistics.com.ar,AR_Comprar,AR,ES
info@martaalonso.com,AR_Comprar,AR,ES
info@masumainternacional.com,AR_Comprar,AR,ES
info@matcom.com.ar,AR_Comprar,AR,ES
info@matiasriccitelli.com,Bodegas_AR,AR,ES
info@matnaconstrucciones.com,AR_Comprar,AR,ES
info@maxsegur.com.ar,AR_Comprar,AR,ES
info@maxxilimp.com.ar,AR_Comprar,AR,ES
info@medibel.com.ar,AR_Comprar,AR,ES
info@medicatec.com,AR_Comprar,AR,ES
info@medisistem.com.ar,AR_Comprar,AR,ES
info@mediterraneaclean.com,AR_Comprar,AR,ES
info@megacer.com.ar,AR_Comprar,AR,ES
info@melexargentina.com.ar,AR_Comprar,AR,ES
info@mendozavineyards.com,Bodegas_AR,AR,ES
info@merck.com.ar,AR_Comprar,AR,ES
info@mercomax.com,AR_Comprar,AR,ES
info@mesure.com.ar,AR_Comprar,AR,ES
info@metallicdesign.com.ar,AR_Comprar,AR,ES
info@metalurgicalarraude.com.ar,AR_Comprar,AR,ES
info@meteo.ar,AR_Comprar,AR,ES
info@mginsumos.com.ar,AR_Comprar,AR,ES
info@mhgsa.com,AR_Comprar,AR,ES
info@micracel.com.ar,AR_Comprar,AR,ES
info@microlat.com.ar,AR_Comprar,AR,ES
info@miguelangelromero.com,AR_Comprar,AR,ES
info@milenio.com.ar,AR_Comprar,AR,ES
info@mindset3.com,AR_Comprar,AR,ES
info@mistrasgroup.com,AR_Comprar,AR,ES
info@molinari.com.ar,AR_Comprar,AR,ES
info@molineradelsur.com.ar,AR_MinAgricultura,AR,ES
info@mollon.com.ar,AR_Comprar,AR,ES
info@montebio.com.ar,AR_Comprar,AR,ES
info@moog-online.de,AR_Comprar,AR,ES
info@moondesk.design,Bodegas_AR,AR,ES
info@msargentina.com,AR_Comprar,AR,ES
info@muinovending.com.ar,AR_Comprar,AR,ES
info@multiradio.com.ar,AR_Comprar,AR,ES
info@mundodelfiltro.com.ar,AR_Comprar,AR,ES
info@nacionseguros.com.ar,AR_Comprar,AR,ES
info@nataliamolina.com,AR_Comprar,AR,ES
info@navarrocorreas.com,Bodegas_AR,AR,ES
info@neaelec.com.ar,AR_Comprar,AR,ES
info@negociosinformaticos.com,AR_Comprar,AR,ES
info@neumaticosverona.com.ar,AR_Comprar,AR,ES
info@nicolascampos.com,AR_Comprar,AR,ES
info@nicolaslopez.com,AR_Comprar,AR,ES
info@nietosenetiner.com.ar,Bodegas_AR,AR,ES
info@noamatafuegos.com.ar,AR_Comprar,AR,ES
info@nomero.com.ar,AR_Comprar,AR,ES
info@norca.com.ar,AR_Comprar,AR,ES
info@nordemaq.com,AR_Comprar,AR,ES
info@nortecomunicaciones.com,AR_Comprar,AR,ES
info@norterodados.com.ar,AR_Comprar,AR,ES
info@npuntocero.com,AR_Comprar,AR,ES
info@nuclearlab.com,AR_Comprar,AR,ES
info@nuncioderosa.com.ar,AR_MinAgricultura,AR,ES
info@nutentar.com,AR_Comprar,AR,ES
info@nutriservice.com.ar,AR_Comprar,AR,ES
info@obrasabedul.com.ar,AR_Comprar,AR,ES
info@officenet.com,AR_Comprar,AR,ES
info@offramp.com.ar,AR_Comprar,AR,ES
info@oficom.com,AR_Comprar,AR,ES
info@ofinsumos.com.ar,AR_Comprar,AR,ES
info@omnilab.com.ar,AR_Comprar,AR,ES
info@omnimedica.com.ar,AR_Comprar,AR,ES
info@onargleb.com.ar,AR_Comprar,AR,ES
info@ondagas.com.ar,AR_Comprar,AR,ES
info@onyva.com.ar,AR_Comprar,AR,ES
info@oportunidades.com,AR_Comprar,AR,ES
info@optimaingenieria.com.ar,AR_Comprar,AR,ES
info@optimo.com.ar,AR_Comprar,AR,ES
info@oscararce.com,AR_Comprar,AR,ES
info@ostecenergy.com.ar,AR_Comprar,AR,ES
info@oteroramos.com.ar,Bodegas_AR,AR,ES
info@pamargentina.com.ar,AR_Comprar,AR,ES
info@papeleracumbre.com.ar,AR_Comprar,AR,ES
info@papirocolor.com.ar,AR_Comprar,AR,ES
info@patagoniamaquinarias.com.ar,AR_Comprar,AR,ES
info@paulamar.com,AR_Comprar,AR,ES
info@pauny.com.ar,AR_Comprar,AR,ES
info@pec.tecnolab.org,AR_Comprar,AR,ES
info@percles.com.ar,AR_Comprar,AR,ES
info@pft.com.ar,AR_MinAgricultura,AR,ES
info@pharmaexpress.com.ar,AR_Comprar,AR,ES
info@piattellivineyards.com,Bodegas_AR,AR,ES
info@pintacolor.com.ar,AR_Comprar,AR,ES
info@pipore.com.ar,AR_MinAgricultura,AR,ES
info@planetahogar.com.ar,AR_Comprar,AR,ES
info@ploteos.com.ar,AR_Comprar,AR,ES
info@primore.com.ar,AR_MinAgricultura,AR,ES
info@privatel.com.ar,AR_Comprar,AR,ES
info@processtechnologies.com.ar,AR_Comprar,AR,ES
info@procienar.com.ar,AR_Comprar,AR,ES
info@procomitsolutions.com,AR_Comprar,AR,ES
info@prodeman.com.ar,AR_MinAgricultura,AR,ES
info@prodinamica.com.ar,AR_Comprar,AR,ES
info@prometin.com,AR_Comprar,AR,ES
info@proserv.com,AR_Comprar,AR,ES
info@proveedoraindustrial.com,AR_Comprar,AR,ES
info@provex.com.ar,AR_Comprar,AR,ES
info@proyectoa.com.ar,AR_Comprar,AR,ES
info@pspparts.com.ar,AR_Comprar,AR,ES
info@pucarasoluciones.com.ar,AR_Comprar,AR,ES
info@pulentaestate.com,Bodegas_AR,AR,ES
info@puntodeimpacto.com.ar,AR_Comprar,AR,ES
info@quicksupplies.com,AR_Comprar,AR,ES
info@quimicacordoba.com.ar,AR_Comprar,AR,ES
info@quimicaerovne.com.ar,AR_Comprar,AR,ES
info@quiroga-laspiur.com.ar,AR_MinAgricultura,AR,ES
info@rabadan.com,AR_Comprar,AR,ES
info@rapid2000.com.ar,AR_Comprar,AR,ES
info@rayospimax.com.ar,AR_Comprar,AR,ES
info@red24.com.ar,AR_Comprar,AR,ES
info@redimec.com.ar,AR_Comprar,AR,ES
info@redimpact.com,AR_Comprar,AR,ES
info@reinl.com,AR_Comprar,AR,ES
info@researchag.com,AR_Comprar,AR,ES
info@resetargentina.com.ar,AR_Comprar,AR,ES
info@riber.com,AR_Comprar,AR,ES
info@rioinformatica.com.ar,AR_Comprar,AR,ES
info@rmatus.com,AR_Comprar,AR,ES
info@roadparts.com.ar,AR_Comprar,AR,ES
info@rodamar.com.ar,AR_Comprar,AR,ES
info@rollpaper.com.ar,AR_Comprar,AR,ES
info@rospaw.com,AR_Comprar,AR,ES
info@rotativosunicom.com.ar,AR_Comprar,AR,ES
info@royaldoor.com.ar,AR_Comprar,AR,ES
info@rutatlantica.com.ar,AR_Comprar,AR,ES
info@securitysupply.com.ar,AR_Comprar,AR,ES
info@segurytec.com.ar,AR_Comprar,AR,ES
info@segusursh.com.ar,AR_Comprar,AR,ES
info@sellosybombas.com.ar,AR_Comprar,AR,ES
info@semo.com,AR_Comprar,AR,ES
info@serviciosdealimentos.com,AR_Comprar,AR,ES
info@servigalo.com,AR_Comprar,AR,ES
info@servimedsc.com.ar,AR_Comprar,AR,ES
info@servisub.com,AR_Comprar,AR,ES
info@serviur.com.ar,AR_Comprar,AR,ES
info@sigmaitsolutions.com,AR_Comprar,AR,ES
info@silas.com,AR_Comprar,AR,ES
info@sistemasurbanos.com.ar,AR_Comprar,AR,ES
info@skysoftservicios.com,AR_Comprar,AR,ES
info@soface.com.ar,AR_Comprar,AR,ES
info@softwarebydesign.com.ar,AR_Comprar,AR,ES
info@soloimportacion.com.ar,AR_Comprar,AR,ES
info@solucionesanaliticas.com,AR_Comprar,AR,ES
info@soma.com.ar,AR_Comprar,AR,ES
info@sonocare.com.ar,AR_Comprar,AR,ES
info@soportehospitalario.com.ar,AR_Comprar,AR,ES
info@staphyle.com.ar,Bodegas_AR,AR,ES
info@starcar.com,AR_Comprar,AR,ES
info@suizoargentina.com.ar,AR_Comprar,AR,ES
info@summitresearch.com,AR_Comprar,AR,ES
info@sunflowerszonazero.com,AR_Comprar,AR,ES
info@superclin.com,AR_Comprar,AR,ES
info@supportservice.com.ar,AR_Comprar,AR,ES
info@surbo.com.ar,AR_Comprar,AR,ES
info@suresteargen.com.ar,AR_MinAgricultura,AR,ES
info@surgas.com.ar,AR_Comprar,AR,ES
info@surpiel.com,AR_MinAgricultura,AR,ES
info@susbin.com,AR_Comprar,AR,ES
info@suyaiextintores.com.ar,AR_Comprar,AR,ES
info@systemnet.com.ar,AR_Comprar,AR,ES
info@systemscorp.com.ar,AR_Comprar,AR,ES
info@tacso.com.ar,AR_Comprar,AR,ES
info@talaconstrucciones.com.ar,AR_Comprar,AR,ES
info@tangoid.com.ar,AR_Comprar,AR,ES
info@taquion.com.ar,AR_Comprar,AR,ES
info@tariag613.com,AR_MinAgricultura,AR,ES
info@taturiello.com.ar,AR_MinAgricultura,AR,ES
info@tecinstrumental.com.ar,AR_Comprar,AR,ES
info@tecme.com.ar,AR_Comprar,AR,ES
info@tecnaran.com.ar,AR_Comprar,AR,ES
info@tecninfor.com.ar,AR_Comprar,AR,ES
info@tecnoimagen.com.ar,AR_Comprar,AR,ES
info@tecnolab.com.ar,AR_Comprar,AR,ES
info@tecnologiadatri.com.ar,AR_Comprar,AR,ES
info@tecnomecanicaflagor.com,AR_Comprar,AR,ES
info@tecnon.com.ar,AR_Comprar,AR,ES
info@tefiti.com.ar,AR_Comprar,AR,ES
info@tekniksrl.com.ar,AR_Comprar,AR,ES
info@telconet.com.ar,AR_Comprar,AR,ES
info@telextorage.com.ar,AR_Comprar,AR,ES
info@telite.com,AR_Comprar,AR,ES
info@teylem.com.ar,AR_Comprar,AR,ES
info@tiempobeta.com.ar,AR_Comprar,AR,ES
info@tittarelli.com.ar,Bodegas_AR,AR,ES
info@tlmolca.com.ar,AR_MinAgricultura,AR,ES
info@tngroup.com.ar,AR_Comprar,AR,ES
info@totallab.com.ar,AR_Comprar,AR,ES
info@traeco.com.ar,AR_Comprar,AR,ES
info@trivento.com,Bodegas_AR,AR,ES
info@tubomarket.com.ar,AR_Comprar,AR,ES
info@uller.com.ar,AR_Comprar,AR,ES
info@unitech.com.ar,AR_Comprar,AR,ES
info@unolex.com.ar,AR_Comprar,AR,ES
info@upsintegral.com.ar,AR_Comprar,AR,ES
info@valquirias.com,AR_Comprar,AR,ES
info@vanvoryottone.com.ar,AR_Comprar,AR,ES
info@veca.com,AR_Comprar,AR,ES
info@vemerkiper.com,AR_Comprar,AR,ES
info@vertv.ar,AR_Comprar,AR,ES
info@vialerg.com.ar,AR_Comprar,AR,ES
info@vicla.com.ar,AR_Comprar,AR,ES
info@vinacobossa.com,Bodegas_AR,AR,ES
info@vinecol.com.ar,AR_MinAgricultura,AR,ES
info@vinosyspirits.com,Bodegas_AR,AR,ES
info@vipel.com,AR_Comprar,AR,ES
info@vyamgroup.com,AR_Comprar,AR,ES
info@wmargentina.com.ar,AR_Comprar,AR,ES
info@worldlogistic.com,AR_Comprar,AR,ES
info@ylum.com,AR_Comprar,AR,ES
info@yomel.com.ar,AR_Comprar,AR,ES
info@yunta.com,AR_Comprar,AR,ES
info@zanper.com.ar,AR_Comprar,AR,ES
info@zapiolagas.com.ar,AR_Comprar,AR,ES
info@zolmaco.com.ar,AR_Comprar,AR,ES
infoar@foss.dk,Bodegas_AR,AR,ES
infoba@sadesa.com,AR_MinAgricultura,AR,ES
infocomercial@cancilleria.gob.ar,MERCOSUR_SmallProducers,AR,ES
infomendoza@baggio.com.ar,Bodegas_AR,AR,ES
institucional@copal.org.ar,COPAL,AR,ES
iprozorovich@maritimamonachesis.com.ar,AR_MinAgricultura,AR,ES
iprozorovich@maritimamonachesisa.com.ar,AR_MinAgricultura,AR,ES
irfo@pesantar.com.ar,AR_MinAgricultura,AR,ES
isaolaverde1@hotmail.com,AR_MinAgricultura,AR,ES
itconcursos@agfa.com,AR_Comprar,AR,ES
jaimezquerra@pesquerasantacruz.com.ar,AR_MinAgricultura,AR,ES
javierm@bodegabarberis.com,Bodegas_AR,AR,ES
jbonello@escorihuela.com.ar,Bodegas_AR,AR,ES
jcoccoz@lasibila.com.ar,AR_MinAgricultura,AR,ES
jcsavioli@margrande.com,AR_MinAgricultura,AR,ES
jdelbono@bodegapaloalto.com.ar,AR_MinAgricultura,AR,ES
jgastarloa@aylluswines.com.ar,AR_MinAgricultura,AR,ES
jj.dm@hotmail.com,AR_MinAgricultura,AR,ES
jj@fincadinamia.com,AR_MinAgricultura,AR,ES
jjmarch@mpsp.com.ar,AR_MinAgricultura,AR,ES
jmbalmaceda@lauquenwater.com,AR_MinAgricultura,AR,ES
jmgomez@pesquera-deseado.com.ar,AR_MinAgricultura,AR,ES
jmorales@sanhubertowines.com,AR_MinAgricultura,AR,ES
jnaab@navigo.com.ar,AR_MinAgricultura,AR,ES
jnjmedao@its.jnj.com,AR_Comprar,AR,ES
jose.landivar@bunge.com,AR_MinAgricultura,AR,ES
jose.rocha@olamnet.com,AR_MinAgricultura,AR,ES
jose@moscuzza.com,AR_MinAgricultura,AR,ES
jplambertucci@falabella.com.ar,AR_MinAgricultura,AR,ES
jprola@remotti.com.ar,AR_MinAgricultura,AR,ES
jr.hugon@adris-technologies.com,AR_Comprar,AR,ES
jsanchez@pampacheese.com,AR_MinAgricultura,AR,ES
juan@solocontigowine.com,Bodegas_AR,AR,ES
juanpablo.basavilbaso@iberconsa.com.ar,AR_MinAgricultura,AR,ES
juanpcanepa@hotmail.com,Bodegas_AR,AR,ES
jzuccardi@familiazuccardi.com,AR_MinAgricultura,AR,ES
kalimar@infovia.com.ar,AR_MinAgricultura,AR,ES
kari@teknik.is,AR_Comprar,AR,ES
ktruppel@frigorificosudeste.com.ar,AR_MinAgricultura,AR,ES
l.manino@bodegamelipal.com,AR_MinAgricultura,AR,ES
labid.ameri@jb-wines.com,AR_MinAgricultura,AR,ES
lacarfish@gmail.com,AR_MinAgricultura,AR,ES
lacaroyense@lacaroyense-sa.com.ar,Bodegas_AR,AR,ES
laisolanasrl@speedy.com.ar,AR_MinAgricultura,AR,ES
lariojana@lariojana.com.ar,Bodegas_AR,AR,ES
lartirigoyen@lartirigoyen.com.ar,AR_MinAgricultura,AR,ES
lateresa@rcc.com.ar,AR_MinAgricultura,AR,ES
laura.zeman@flightsafety.com,AR_Comprar,AR,ES
lauraciacera@bodegaslaguarda.com.ar,AR_MinAgricultura,AR,ES
lavanchy@speedy.com.ar,AR_MinAgricultura,AR,ES
lboschi@sophenia.com.ar,AR_MinAgricultura,AR,ES
lchami@kosherwinery.com.ar,AR_MinAgricultura,AR,ES
leandrobarbieri@cofcoagri.com,AR_MinAgricultura,AR,ES
leatherexpert@lanxess.com,AR_MinAgricultura,AR,ES
leonardo@royalredfoods.com,AR_MinAgricultura,AR,ES
leonardocastro40@hotmail.com,AR_MinAgricultura,AR,ES
leosoifer@gotawater.com,AR_MinAgricultura,AR,ES
limone@fibertel.com.ar,AR_MinAgricultura,AR,ES
liya@fibertel.com.ar,AR_MinAgricultura,AR,ES
lopezmza@bodegaslopez.com.ar,Bodegas_AR,AR,ES
lpandolfi@bayton.com.ar,Bodegas_AR,AR,ES
lucas.genero@agrofin.com.ar,AR_MinAgricultura,AR,ES
lucaseom@gmail.com,AR_MinAgricultura,AR,ES
luis.bonade@enartis.com.ar,Bodegas_AR,AR,ES
luis.pannunzio@laspiedraspuravid.com,AR_MinAgricultura,AR,ES
m_erdozain@yahoo.com,AR_MinAgricultura,AR,ES
ma@fibertel.com.ar,AR_MinAgricultura,AR,ES
macosta@foodarts.com.ar,AR_MinAgricultura,AR,ES
maidaca@bodegadanterobino.com,Bodegas_AR,AR,ES
manjaresdeltafi@hotmail.com,AR_MinAgricultura,AR,ES
mar.picadosa@speedy.com.ar,AR_MinAgricultura,AR,ES
marcelo@redchamber.com,AR_MinAgricultura,AR,ES
maregeo@maregeo.com.ar,AR_MinAgricultura,AR,ES
maresmls@gmail.com,AR_MinAgricultura,AR,ES
marevel@ciudad.com.ar,AR_MinAgricultura,AR,ES
marianabullon@gmail.com,AR_MinAgricultura,AR,ES
marianopott@hotmail.com,AR_MinAgricultura,AR,ES
marina.monforte@manpower.com.ar,Bodegas_AR,AR,ES
marmoleriaariston@infovia.com.ar,AR_MinAgricultura,AR,ES
mary@ciatti.com.ar,Bodegas_AR,AR,ES
mathieu.boucher@lndinc.com,AR_Comprar,AR,ES
matias.chiaramello@ar.nestle.com,AR_MinAgricultura,AR,ES
matias.cornejo@rsmargentina.com.ar,Bodegas_AR,AR,ES
matias@crestongrains.com.ar,AR_MinAgricultura,AR,ES
mauricio.lucini@ldcom.com,AR_MinAgricultura,AR,ES
maxtieri@nutribras.com,AR_MinAgricultura,AR,ES
mcegana@stylus.com.ar,AR_MinAgricultura,AR,ES
mefvet@yahoo.com.ar,AR_MinAgricultura,AR,ES
megader@megader.com.ar,AR_MinAgricultura,AR,ES
megatrans_rzw@yahoo.com,AR_Comprar,AR,ES
mendoza@bodegarucamalen.com,Bodegas_AR,AR,ES
mendoza@eficienciaempresaria.com,Bodegas_AR,AR,ES
mfernandez@winesandolives.com,AR_MinAgricultura,AR,ES
mglikman@newsan.com.ar,AR_MinAgricultura,AR,ES
miasa@speedy.com.ar,AR_MinAgricultura,AR,ES
miglione@miglione.com.ar,AR_MinAgricultura,AR,ES
miguelmdq@ecolan.com,AR_MinAgricultura,AR,ES
mleiva@lylservicios.com,Bodegas_AR,AR,ES
mllobera@fibertel.com.ar,AR_MinAgricultura,AR,ES
mllobera@msn.com,AR_MinAgricultura,AR,ES
mmasolo@mastellone.com.ar,AR_MinAgricultura,AR,ES
mmenendez@franalco.com.ar,AR_MinAgricultura,AR,ES
mmunoz@ramondin.com,Bodegas_AR,AR,ES
muletsa@yahoo.com.ar,AR_MinAgricultura,AR,ES
nbrichardi@gmail.com,Bodegas_AR,AR,ES
ncabanela@gmail.com,AR_MinAgricultura,AR,ES
nicolas.moyanodelasheras@westinghouse.com,AR_Comprar,AR,ES
nicolasmiotti@desab.com.ar,AR_MinAgricultura,AR,ES
nietasdelipari@argentina.com,AR_MinAgricultura,AR,ES
noelia.valdivieso@grupoceta.com.ar,Bodegas_AR,AR,ES
norafigueras@speedy.com.ar,AR_MinAgricultura,AR,ES
norton@norton.com.ar,Bodegas_AR,AR,ES
novamar2010@gmail.com,AR_MinAgricultura,AR,ES
nucete@ecolan.com.ar,AR_MinAgricultura,AR,ES
occompras@bodegasfabre.com,Bodegas_AR,AR,ES
oesteargentino@oesteargentino.com.ar,Bodegas_AR,AR,ES
office@acmesol.ro,AR_Comprar,AR,ES
office@adviceit.ro,AR_Comprar,AR,ES
office@zeussa.ro,AR_Comprar,AR,ES
olegmdp@gmail.com,AR_MinAgricultura,AR,ES
orlandoortega@poloind.com.ar,Bodegas_AR,AR,ES
oscar.silvero@archresourcesgroup.com,Bodegas_AR,AR,ES
ostramar@speedy.com.ar,AR_MinAgricultura,AR,ES
pablo.baroni@garciahnos.com.ar,AR_MinAgricultura,AR,ES
pablo.hernandez@solunion.com,Bodegas_AR,AR,ES
pablo@magnasco.com.ar,AR_MinAgricultura,AR,ES
pablohart@bodegaoralia.com,AR_MinAgricultura,AR,ES
pablom@conarpesa.com.ar,AR_MinAgricultura,AR,ES
pablosyriani@yahoo.com.ar,Bodegas_AR,AR,ES
palmares@sodadanna.com.ar,AR_MinAgricultura,AR,ES
paola.olivares@chakanawines.com.ar,Bodegas_AR,AR,ES
paola@charlietango-sa.com,AR_MinAgricultura,AR,ES
patricia@sobreroycagnolo.com.ar,AR_MinAgricultura,AR,ES
paziani@qd-europe.com,AR_Comprar,AR,ES
pcarbo@nysnet.com.ar,Bodegas_AR,AR,ES
pchamula@gmail.com,AR_MinAgricultura,AR,ES
pdesa.mdp@ciudad.com.ar,AR_MinAgricultura,AR,ES
pedro.ibarguren@infonia.com,AR_MinAgricultura,AR,ES
pedrojorgeruiz@tierrasdepontesa.com.ar,AR_MinAgricultura,AR,ES
pelama@pelamachubut.com,AR_MinAgricultura,AR,ES
pescargentina@gmail.com,AR_MinAgricultura,AR,ES
pesquerauniversal@yahoo.com.ar,AR_MinAgricultura,AR,ES
pibarreche@isla-n.com,AR_MinAgricultura,AR,ES
pier88@speedy.com.ar,AR_MinAgricultura,AR,ES
planung@pb-s2.de,AR_Comprar,AR,ES
pmolina@lamuccasa.com,AR_MinAgricultura,AR,ES
potegui@grupoveraz.com.ar,AR_MinAgricultura,AR,ES
ppache@quilmes.com.ar,AR_MinAgricultura,AR,ES
prensa@lasperdices.com,Bodegas_AR,AR,ES
produccionprimaria@sancor.com.ar,AR_MinAgricultura,AR,ES
produccionprimaria@sanignacio.com.ar,AR_MinAgricultura,AR,ES
proyectosdelmarsrl@speedy.com.ar,AR_MinAgricultura,AR,ES
quebrachito@quebrachito.com.ar,AR_MinAgricultura,AR,ES
rangall@speedy.com.ar,AR_MinAgricultura,AR,ES
rangeleri@centaurosa.com,AR_MinAgricultura,AR,ES
rd@pfeiffer-vacuum.com,AR_Comprar,AR,ES
recepcion@donapaula.com.ar,Bodegas_AR,AR,ES
recepcion@kaikenwines.com,Bodegas_AR,AR,ES
reception-wavre@abbvie.com,AR_Comprar,AR,ES
redes10@bodegasdeargentina.org,Bodegas_AR,AR,ES
redes11@bodegasdeargentina.org,Bodegas_AR,AR,ES
redes12@bodegasdeargentina.org,Bodegas_AR,AR,ES
redes2@bodegasdeargentina.org,Bodegas_AR,AR,ES
redes3@bodegasdeargentina.org,Bodegas_AR,AR,ES
redes6@bodegasdeargentina.org,Bodegas_AR,AR,ES
redes7@bodegasdeargentina.org,Bodegas_AR,AR,ES
redes8@bodegasdeargentina.org,Bodegas_AR,AR,ES
redes9@bodegasdeargentina.org,Bodegas_AR,AR,ES
redes@bodegasdeargentina.org,Bodegas_AR,AR,ES
remo@climatizacioneficiente.com,Bodegas_AR,AR,ES
remoj@climatizacioneficiente.com,Bodegas_AR,AR,ES
reocra@speedy.com.ar,AR_MinAgricultura,AR,ES
reserva@grupolanavarra.com,Bodegas_AR,AR,ES
reserva@hotelbalbi.com.ar,Bodegas_AR,AR,ES
reservas.posada@mp-wine.com,Bodegas_AR,AR,ES
reservas@bodegacolome.com,Bodegas_AR,AR,ES
reservas@bodegapaloalto.com.ar,Bodegas_AR,AR,ES
reservas@casadeuco.com,Bodegas_AR,AR,ES
reservas@hotelroyalprincess.com.ar,Bodegas_AR,AR,ES
reservas@monteviejo.com.ar,Bodegas_AR,AR,ES
reservas@rosellboherlodge.com,Bodegas_AR,AR,ES
rjuarez@dominiodelplata.com.ar,AR_MinAgricultura,AR,ES
roberto.bolatti@milkaut.com.ar,AR_MinAgricultura,AR,ES
roberto_luka@sophenia.com.ar,AR_MinAgricultura,AR,ES
roca@rocawines.com,Bodegas_AR,AR,ES
romulo@inversorasuipachense.com,AR_MinAgricultura,AR,ES
ronalb@ronalb.com.ar,AR_MinAgricultura,AR,ES
rporfidi@sanpolo.com.ar,Bodegas_AR,AR,ES
rpublicas@lasmarias.com.ar,AR_MinAgricultura,AR,ES
rverdur@tradefood-group.com,AR_MinAgricultura,AR,ES
rvillarreal@penaflor.com.ar,Bodegas_AR,AR,ES
ryfharce@yahoo.com.ar,AR_MinAgricultura,AR,ES
saci@cargill.com.ar,AR_MinAgricultura,AR,ES
sales@evgroup.com,AR_Comprar,AR,ES
sales@hispanoarg.com.ar,AR_MinAgricultura,AR,ES
sanjuan@camaradebodegueros.org,Bodegas_AR,AR,ES
santiago.godoy@skymineralwater.com,AR_MinAgricultura,AR,ES
santiagobernasconi@bodeganqn.com.ar,AR_MinAgricultura,AR,ES
santos@cavasdesantos.com.ar,AR_MinAgricultura,AR,ES
sbolzan@cremigal.com,AR_MinAgricultura,AR,ES
sebastian.barboza@lagarde.com.ar,AR_MinAgricultura,AR,ES
sebastian@merceddelestero.com.ar,AR_MinAgricultura,AR,ES
secretaria@a16sa.com.ar,Bodegas_AR,AR,ES
secretariaba@argenova.com.ar,AR_MinAgricultura,AR,ES
segisa@saxsegisa.com.ar,AR_MinAgricultura,AR,ES
semalomasa@speedy.com.ar,AR_MinAgricultura,AR,ES
sevagroup@com.ar,AR_MinAgricultura,AR,ES
sfojo@bodegasborbore.com.ar,AR_MinAgricultura,AR,ES
sidracortesia@napatinagroup.com,AR_MinAgricultura,AR,ES
sliu@bahiagrande.com.ar,AR_MinAgricultura,AR,ES
smismiriglio@live.com.ar,AR_MinAgricultura,AR,ES
soledad.valdes@ckasociados.com.ar,AR_MinAgricultura,AR,ES
solimeno@cybertech.com.ar,AR_MinAgricultura,AR,ES
solimeno@solimenosa.com.ar,AR_MinAgricultura,AR,ES
soporte.ventas.ucc.es@atos.net,AR_Comprar,AR,ES
sovalles@fibertel.com.ar,AR_MinAgricultura,AR,ES
sovalles@ovallesmunoz.com.ar,AR_MinAgricultura,AR,ES
spectro.info@ametek.com,AR_Comprar,AR,ES
spizarro@casamontes.com.ar,AR_MinAgricultura,AR,ES
ssantoro@speedy.com.ar,AR_MinAgricultura,AR,ES
staborda@ramolacsa.com.ar,AR_MinAgricultura,AR,ES
stephen.huse@belharaestate.com,Bodegas_AR,AR,ES
stuartjohnanderson@gmail.com,AR_MinAgricultura,AR,ES
tassone@noal.com,AR_MinAgricultura,AR,ES
teobounos@speedy.com.ar,AR_MinAgricultura,AR,ES
terramisticasrl@hotmail.com,AR_MinAgricultura,AR,ES
tesoroandino@yahoo.com.ar,AR_MinAgricultura,AR,ES
thomas.engstedt@nanovac.se,AR_Comprar,AR,ES
thomas.rafferty@acal.ie,AR_Comprar,AR,ES
tobias.ehret@motorolasolutions.com,AR_Comprar,AR,ES
tomas@gulefish.com.ar,AR_MinAgricultura,AR,ES
topgun@ajaint.com,AR_Comprar,AR,ES
traweluwnsa@gmail.com,AR_MinAgricultura,AR,ES
tucumacarlos@xflymail.com.ar,AR_MinAgricultura,AR,ES
turismo@alpamanta.com,Bodegas_AR,AR,ES
turismo@andeluna.com.ar,Bodegas_AR,AR,ES
turismo@bodegalostoneles.com,Bodegas_AR,AR,ES
turismo@bodegasdeargentina.org,Bodegas_AR,AR,ES
turismo@bodegasottano.com,Bodegas_AR,AR,ES
turismo@casarena.com,Bodegas_AR,AR,ES
turismo@domainebousquet.com,Bodegas_AR,AR,ES
turismo@elesteco.com.ar,Bodegas_AR,AR,ES
turismo@familiaschroeder.com,Bodegas_AR,AR,ES
turismo@lamadridwines.com,Bodegas_AR,AR,ES
turismo@rjvinedos.com,Bodegas_AR,AR,ES
turismo@tapiz.com.ar,Bodegas_AR,AR,ES
turismo@wht.com.ar,Bodegas_AR,AR,ES
unitech@unitech.pl,AR_Comprar,AR,ES
uti@uti-lb.com,AR_MinAgricultura,AR,ES
valeriaco@bodegadanterobino.com,AR_MinAgricultura,AR,ES
vanesa.campanini@saputo.com,AR_MinAgricultura,AR,ES
ventas@bodegamiterruno.com.ar,AR_MinAgricultura,AR,ES
ventas@congeladosartico.com,AR_MinAgricultura,AR,ES
ventas@lavarense.com.ar,AR_MinAgricultura,AR,ES
ventas@sodadanna.com.ar,AR_MinAgricultura,AR,ES
ventas@tierrasdepontesa.com.ar,AR_MinAgricultura,AR,ES
ventas@tizac-vicien.com,AR_MinAgricultura,AR,ES
venuspesquera@hotmail.com,AR_MinAgricultura,AR,ES
vinosnesman@infovia.com.ar,AR_MinAgricultura,AR,ES
visitas@diamandes.com,Bodegas_AR,AR,ES
visitor@terrazasdelosandes.com,Bodegas_AR,AR,ES
vramonda@serrera.com.ar,Bodegas_AR,AR,ES
vvines@bodegascallia.com,AR_MinAgricultura,AR,ES
wanchese@speedy.com.ar,AR_MinAgricultura,AR,ES
whitegulf@163.com,AR_MinAgricultura,AR,ES
winery@achaval-ferrer.com,Bodegas_AR,AR,ES
wlessberg@bentonicos.com,AR_MinAgricultura,AR,ES
yerbateramisiones@arnet.com.ar,AR_MinAgricultura,AR,ES
zulma.ramos@pernod-ricard-argentina.com,AR_MinAgricultura,AR,ES
asistenteibce@ibce.org.bo,BO_IBCE,BO,ES
1689329078444118ba5ee5234e87bd81@sentry.wixpress.com,ABIEC_member,BR,PT
18d2f96d279149989b95faf0a4b41882@sentry-next.wixpress.com,ABIEC_member,BR,PT
2062d0a4929b45348643784b5cb39c36@sentry.wixpress.com,MERCOSUR_SmallProducers,BR,PT
271e9fa3230b4eec94b02bf95780f5f2@sentry.wixpress.com,ABIEC_member,BR,PT
460ff4620fa44cba8df530afde949785@sentry.wixpress.com,ABIEC_member,BR,PT
5d1795a2db124a268f1e1bd88f503500@sentry.wixpress.com,ABIEC_member,BR,PT
605a7baede844d278b89dc95ae0a9123@sentry-next.wixpress.com,ABIEC_member,BR,PT
7025fe2ce4ed466a9751d9607bc63a44@sentry.wixpress.com,ABIEC_member,BR,PT
78f7996315bc402f9dcb8a2f974b82d1@sentry.wixpress.com,ABIEC_member,BR,PT
8c4075d5481d476e945486754f783364@sentry.io,ABIEC_member,BR,PT
8eb368c655b84e029ed79ad7a5c1718e@sentry.wixpress.com,ABIEC_member,BR,PT
9a65e97ebe8141fca0c4fd686f70996b@sentry.wixpress.com,ABIEC_member,BR,PT
abic@abic.com.br,,BR,PT
abiec@abiec.com.br,,BR,PT
abpa@abpa-br.org,,BR,PT
abrafrutas@abrafrutas.org,ABRAFRUTAS,BR,PT
adm-sac@zoetis.com,PEIXEBR,BR,PT
admin@agromodelo.com.br,MERCOSUR_SmallProducers,BR,PT
administracao@cativa.coop.br,MERCOSUR_SmallProducers,BR,PT
administrativo@agricolapotiguar.com.br,MERCOSUR_SmallProducers,BR,PT
administrativo@brazilmelon.com,MERCOSUR_SmallProducers,BR,PT
adriano@coopyfrutas.com,MERCOSUR_SmallProducers,BR,PT
agemcamp@agemcamp.sp.gov.br,BR_Compras,BR,PT
agraria@agraria.com.br,MERCOSUR_SmallProducers,BR,PT
agricolabomjesus@gmail.com,MERCOSUR_SmallProducers,BR,PT
agricolafavorita@gmail.com,MERCOSUR_SmallProducers,BR,PT
agricolapotiguar@hotmail.com,MERCOSUR_SmallProducers,BR,PT
agro_msantos@assunet.com.br,MERCOSUR_SmallProducers,BR,PT
agrosol@grupoirikita.com,MERCOSUR_SmallProducers,BR,PT
ajaxdgfilho@uol.com.br,MERCOSUR_SmallProducers,BR,PT
alberi@clac.coop.br,MERCOSUR_SmallProducers,BR,PT
alberto.otani@terra.com.br,MERCOSUR_SmallProducers,BR,PT
alberto@otani.agr.br,MERCOSUR_SmallProducers,BR,PT
alcerte@uol.com.br,BR_Compras,BR,PT
aldeirpereira@hotmail.com,MERCOSUR_SmallProducers,BR,PT
alia.coop.log@gmail.com,MERCOSUR_SmallProducers,BR,PT
ammasobral@oi.com.br,BR_Compras,BR,PT
angel.agricola@gmail.com,MERCOSUR_SmallProducers,BR,PT
angelo@angelagricola.com.br,MERCOSUR_SmallProducers,BR,PT
antoniovalli@saude.es.gov.br,BR_Compras,BR,PT
ao@agenceabee.fr,BR_Compras,BR,PT
asind@faemg.org.br,BR_States_MG,BR,PT
atendimento@castrodis.com.br,MERCOSUR_SmallProducers,BR,PT
atendimento@crea-pi.org.br,BR_Compras,BR,PT
atendimento@naturafrig.com.br,,BR,PT
b4928a7ca6b9454192554f7a3911fd68@sentry.wixpress.com,ABIEC_member,BR,PT
beauvallet@beauvallet.com.br,ABIEC_member,BR,PT
biolabore@gmail.com,MERCOSUR_SmallProducers,BR,PT
bomjesus@bj.coop.br,MERCOSUR_SmallProducers,BR,PT
bruna.cordeiro@brunettocontadores.com.br,MERCOSUR_SmallProducers,BR,PT
c183baa23371454f99f417f6616b724d@sentry.wixpress.com,ABIEC_member,BR,PT
c5095236fd2e4b8fae9ed6d73cdd81a3@sentry.wixpress.com,ABIEC_member,BR,PT
cadastrodasempresasdogrupo@braskem.com,GLEIF LEI,BR,PT
camara@saomarcos-rs.com.br,BR_Compras,BR,PT
camarav.a@hotmail.com,BR_Compras,BR,PT
camp@camp.coop.br,MERCOSUR_SmallProducers,BR,PT
campoverde@agricolacampoverde.com.br,MERCOSUR_SmallProducers,BR,PT
capal@capal.coop.br,MERCOSUR_SmallProducers,BR,PT
carlos.oliveira@fribal.com.br,,BR,PT
carlos.schmidt@fribal.com.br,,BR,PT
carlos@cerpa.net.br,MERCOSUR_SmallProducers,BR,PT
carlospraciano@hotmail.com,MERCOSUR_SmallProducers,BR,PT
castrolanda@castrolanda.coop.br,MERCOSUR_SmallProducers,BR,PT
cbmm@cbmm.com,MERCOSUR_BR_Exporters,BR,PT
cc-rfisc@petrobras.com.br,GLEIF LEI,BR,PT
cecafe-logo-horizontal@2x.png,CECAFE,BR,PT
cecafe-logo-simples@2x.png,CECAFE,BR,PT
cepacambara@gmail.com,MERCOSUR_SmallProducers,BR,PT
ceral@ceral.com.br,MERCOSUR_SmallProducers,BR,PT
ceraldis@ceraldis.com.br,MERCOSUR_SmallProducers,BR,PT
ceramicasemar@uol.com.br,MERCOSUR_SmallProducers,BR,PT
cercar@cercar.com.br,MERCOSUR_SmallProducers,BR,PT
cercho@cercho.com.br,MERCOSUR_SmallProducers,BR,PT
cerwit.contabil@witmarsum.coop.br,MERCOSUR_SmallProducers,BR,PT
chagasdaemparn@hotmail.com,MERCOSUR_SmallProducers,BR,PT
cisserra@cisserra.com.br,BR_Compras,BR,PT
cleidinaldo@coopyfrutas.com,MERCOSUR_SmallProducers,BR,PT
cleitiane@castrolanda.coop.br,MERCOSUR_SmallProducers,BR,PT
cna@cna.org.br,agri_campaign_scraped,BR,PT
coagro@coagro.com.br,MERCOSUR_SmallProducers,BR,PT
coagru@coagru.com.br,MERCOSUR_SmallProducers,BR,PT
coamig@coamig.com.br,MERCOSUR_SmallProducers,BR,PT
coamo@coamo.com.br,MERCOSUR_SmallProducers,BR,PT
coaprocor@coaprocor.com.br,MERCOSUR_SmallProducers,BR,PT
coasul@coasul.com.br,MERCOSUR_SmallProducers,BR,PT
cocamar@cocamar.com.br,MERCOSUR_SmallProducers,BR,PT
comercial@basevetbr.com,PEIXEBR,BR,PT
comercial@cm3cooperativa.com.br,MERCOSUR_SmallProducers,BR,PT
comercial@mercurioalimentos.com.br,ABIEC_member,BR,PT
comercial@planesagro.com.br,MERCOSUR_SmallProducers,BR,PT
comex@mspbrazil.com.br,,BR,PT
compras@brazilmelon.com,MERCOSUR_SmallProducers,BR,PT
comunicacao@peixebr.com.br,PEIXEBR,BR,PT
contabil1@weg.net,MERCOSUR_BR_Exporters,BR,PT
contabilidade@guaraprev.pr.gov.br,BR_Compras,BR,PT
contato@academiadelinguaspr.com.br,MERCOSUR_SmallProducers,BR,PT
contato@aprosoja.com.br,APROSOJA,BR,PT
contato@comesulbeef.com.br,ABIEC_member,BR,PT
contato@coopcerrado.com.br,MERCOSUR_SmallProducers,BR,PT
contato@cooperfrigu.com.br,ABIEC_member,BR,PT
contato@coplacana.com.br,MERCOSUR_SmallProducers,BR,PT
contato@faesc.com.br,BR_States_SC,BR,PT
contato@frigorifico3r.com.br,,BR,PT
contato@frigorificosilva.com.br,,BR,PT
contato@grupoargus.com.br,,BR,PT
contato@senar.com.br,BR_States_SC,BR,PT
contato@vitoriadomearim.ma.leg.br,BR_Compras,BR,PT
contato@y3k.com.br,PEIXEBR,BR,PT
contato@zaltanapescados.com.br,PEIXEBR,BR,PT
coopavel@coopavel.com.br,MERCOSUR_SmallProducers,BR,PT
coopcaeaac@gmail.com,MERCOSUR_SmallProducers,BR,PT
coopcerme@gmail.com,MERCOSUR_SmallProducers,BR,PT
coopercitrus@coopercitrus.com.br,MERCOSUR_SmallProducers,BR,PT
coopport@coopportbrasil.com,MERCOSUR_SmallProducers,BR,PT
coopsubra2@gmail.com,MERCOSUR_SmallProducers,BR,PT
cooxupe@cooxupe.com.br,MERCOSUR_SmallProducers,BR,PT
copacol@copacol.com.br,MERCOSUR_SmallProducers,BR,PT
copersucar@copersucar.com.br,MERCOSUR_SmallProducers,BR,PT
cpg-dteicms@gerdau.com.br,MERCOSUR_BR_Exporters,BR,PT
crc@fiemg.com.br,FIEMG_MG,BR,PT
crisfrutas@terra.com.br,MERCOSUR_SmallProducers,BR,PT
ctmagricola@agromodelo.com.br,MERCOSUR_SmallProducers,BR,PT
curriculos@comesulbeef.com.br,ABIEC_member,BR,PT
cvale@cvale.com.br,MERCOSUR_SmallProducers,BR,PT
cymatsumoto@agromodelo.com.br,MERCOSUR_SmallProducers,BR,PT
d44fb01cd7e74726be3bf46f5e32f60e@sentry.wixpress.com,ABIEC_member,BR,PT
dalila.gaona@mspbrazil.com.br,,BR,PT
daniel.saran@embraer.com.br,MERCOSUR_BR_Exporters,BR,PT
dayane.paulino@escola.pr.gov.br,MERCOSUR_SmallProducers,BR,PT
dd0a55ccb8124b9c9d938e3acf41f8aa@sentry.wixpress.com,ABIEC_member,BR,PT
deinprocon@pjf.mg.gov.br,BR_Compras,BR,PT
diego@frigosul.com.br,,BR,PT
diret@cvale.com.br,MERCOSUR_SmallProducers,BR,PT
diretoria.executiva@ambicoop.com.br,MERCOSUR_SmallProducers,BR,PT
distriboi@distriboi.com,,BR,PT
donadel@riobeef.ind.br,,BR,PT
doriersonbarros@hotmail.com,BR_Compras,BR,PT
e0b4d631da7b4200828051f7f9c783e3@sentry-next.wixpress.com,ABIEC_member,BR,PT
ed436f5053144538958ad06a5005e99a@sentry.wixpress.com,ABIEC_member,BR,PT
edson@frutasterrabrasilis.com.br,MERCOSUR_SmallProducers,BR,PT
emerson@frivasa.com.br,,BR,PT
evandro@vivaagricola.com,MERCOSUR_SmallProducers,BR,PT
exemplo@meusite.com,ABIEC_member,BR,PT
expedientes.cm@mariotcontabilidade.com.br,MERCOSUR_SmallProducers,BR,PT
export.bauru@zanchetta.com.br,,BR,PT
export1@frigoastra.com.br,,BR,PT
export1@iguatemibeef.com.br,,BR,PT
export@barramansafoods.com.br,,BR,PT
export@beauvallet.com.br,,BR,PT
export@betterbeef.com.br,,BR,PT
export@boibras.com.br,,BR,PT
export@boibrasil.ind.br,,BR,PT
export@cooperfrigu.com.br,,BR,PT
export@frialto.com.br,,BR,PT
export@frigoestrela.com.br,,BR,PT
export@frigorificoriomaria.com.br,,BR,PT
export@goldenimex.com,,BR,PT
export@marfrig.com.br,,BR,PT
export@masterboi.com.br,,BR,PT
export@minervafoods.com,,BR,PT
export@supremocarnes.com.br,,BR,PT
exportacao@frigoastra.com.br,,BR,PT
exportacao@frigol.com.br,,BR,PT
exportacao@mercurioalimentos.com.br,,BR,PT
exportacao@ramax-group.com,,BR,PT
fabiana.florencio@cmrbras.com.br,MERCOSUR_SmallProducers,BR,PT
fabiano.furlan@primafoods.com.br,,BR,PT
faemg@faemg.org.br,BR_States_MG,BR,PT
fazenda.udp@gmail.com,MERCOSUR_SmallProducers,BR,PT
fazenda@alegriaproduce.com,MERCOSUR_SmallProducers,BR,PT
fazendavilanovaadm1@gmail.com,MERCOSUR_SmallProducers,BR,PT
fcpalhares@gmail.com,MERCOSUR_SmallProducers,BR,PT
fecoagrors@fecoagrors.com.br,MERCOSUR_SmallProducers,BR,PT
felipe@matafresca.com.br,MERCOSUR_SmallProducers,BR,PT
financeiro1@vexilom.net,MERCOSUR_SmallProducers,BR,PT
financeiro@agricolacampoverde.com.br,MERCOSUR_SmallProducers,BR,PT
financeiro@coacipar.com.br,MERCOSUR_SmallProducers,BR,PT
financeiro@ovosuniao.com.br,MERCOSUR_SmallProducers,BR,PT
financeiroc2glog@gmail.com,MERCOSUR_SmallProducers,BR,PT
fpvieira@uol.com.br,MERCOSUR_SmallProducers,BR,PT
francisco.pereira@adasa.df.gov.br,BR_Compras,BR,PT
fribev@fribev.com.br,ABIEC_member,BR,PT
frigoestrela@frigoestrela.com.br,,BR,PT
frigotil@frigotil.com.br,,BR,PT
frimesa@frimesa.com.br,MERCOSUR_SmallProducers,BR,PT
frisario@frisa.com.br,,BR,PT
funajuris@tjmt.jus.br,BR_Compras,BR,PT
fundacaopaulistana@prefeitura.sp.gov.br,BR_Compras,BR,PT
funprepi@hotmail.com,BR_Compras,BR,PT
gab@scia.df.gov.br,BR_Compras,BR,PT
gabinete.camprev@campinas.sp.gov.br,BR_Compras,BR,PT
gabinete@barbalha.ce.gov.br,BR_Compras,BR,PT
gabinete@quixelo.ce.gov.br,BR_Compras,BR,PT
gabriellaaguiar@sdhds.fortaleza.ce.gov.br,BR_Compras,BR,PT
geraldo@fribev.com.br,,BR,PT
gerencia_administrativo@agrosua.com.br,MERCOSUR_SmallProducers,BR,PT
gestao@canalverdeenergia.com.br,MERCOSUR_SmallProducers,BR,PT
gestao@coani.coop.br,MERCOSUR_SmallProducers,BR,PT
gfs@secti.es.gov.br,BR_Compras,BR,PT
gilciane.silva@sde.pi.gov.br,BR_Compras,BR,PT
glenda@cresol.com.br,MERCOSUR_SmallProducers,BR,PT
goianaprevi@yahoo.com.br,BR_Compras,BR,PT
gorgiasoliveira@gmail.com,MERCOSUR_SmallProducers,BR,PT
grasiani.mecatti@escola.pr.gov.br,MERCOSUR_SmallProducers,BR,PT
guilherme@nossofrigorifico.com.br,,BR,PT
gustavo.oliveira@fribal.com.br,,BR,PT
gustavo@coopyfrutas.com,MERCOSUR_SmallProducers,BR,PT
helderca@icloud.com,MERCOSUR_SmallProducers,BR,PT
herickson@ecofertil.com.br,MERCOSUR_SmallProducers,BR,PT
imprensa@ocergs.coop.br,BR_States_RS,BR,PT
inaes@inaes.org.br,BR_States_MG,BR,PT
info@mysite.com,ABIEC_member,BR,PT
innatura.me@jbs.com.br,,BR,PT
institutocna@institutocna.org.br,CNA_Agricultura,BR,PT
ipen@esperancanova.pr.gov.br,BR_Compras,BR,PT
irikita@terra.com.br,MERCOSUR_SmallProducers,BR,PT
ivanoscacunha@hotmail.com,MERCOSUR_SmallProducers,BR,PT
ivo.costa@cmrbras.com.br,MERCOSUR_SmallProducers,BR,PT
jbagricolame@gmail.com,MERCOSUR_SmallProducers,BR,PT
jean@frutasterrabrasilis.com.br,MERCOSUR_SmallProducers,BR,PT
jheliton@uol.com.br,MERCOSUR_SmallProducers,BR,PT
jiem@grupoirikita.com,MERCOSUR_SmallProducers,BR,PT
jmanoellopez@uol.com.br,MERCOSUR_SmallProducers,BR,PT
jmmph28@gmail.com,MERCOSUR_SmallProducers,BR,PT
joabegondim@hotmail.com,MERCOSUR_SmallProducers,BR,PT
joaofelix@nossofrigorifico.com.br,,BR,PT
joaquim@jobnutrire.com.br,PEIXEBR,BR,PT
jose.barbera@bollonaturalfruit.com,MERCOSUR_SmallProducers,BR,PT
jose.ferreira@minervafoods.com,GLEIF LEI,BR,PT
jose.giordam@mspbrazil.com.br,,BR,PT
juan.puchades@bollonaturalfruit.com,MERCOSUR_SmallProducers,BR,PT
kainara_costa@hotmail.com,MERCOSUR_SmallProducers,BR,PT
lar@lar.ind.br,MERCOSUR_SmallProducers,BR,PT
leonardo@comesulbeef.com.br,,BR,PT
lkj@lkjfrigorifico.com.br,,BR,PT
lucas.jiang@agraagroindustrial.com.br,,BR,PT
mafrinorte@mafrinorte.com.br,,BR,PT
marcelo@coacan.com.br,MERCOSUR_SmallProducers,BR,PT
marcelo@vpg.arq.br,PEIXEBR,BR,PT
marcia@camisc.coop.br,MERCOSUR_SmallProducers,BR,PT
marcos.depaula@frigosul.com.br,,BR,PT
marileide@coopyfrutas.com,MERCOSUR_SmallProducers,BR,PT
marilia.silva@acfor.fortaleza.ce.gov.rb,BR_Compras,BR,PT
mario@frutasterrabrasilis.com.br,MERCOSUR_SmallProducers,BR,PT
marketing.digital@mercurioalimentos.com.br,ABIEC_member,BR,PT
nardivan@vivaagricola.com,MERCOSUR_SmallProducers,BR,PT
neilson@agrfamosa.com.br,MERCOSUR_SmallProducers,BR,PT
nelson@agecoop.com.br,MERCOSUR_SmallProducers,BR,PT
neto@coopyfrutas.com,MERCOSUR_SmallProducers,BR,PT
nfe@ecofertil.com.br,MERCOSUR_SmallProducers,BR,PT
odinildo@uol.com.br,BR_Compras,BR,PT
oestefruit@coopyfrutas.com,MERCOSUR_SmallProducers,BR,PT
otani@terra.com.br,MERCOSUR_SmallProducers,BR,PT
paralegal.corporativo@marfrig.com.br,MERCOSUR_Beef,BR,PT
paulo.bauab@frigoestrela.com.br,,BR,PT
pauloemater@rn.gov.br,MERCOSUR_SmallProducers,BR,PT
pedro@planesagro.com.br,MERCOSUR_SmallProducers,BR,PT
planomaior@turismo.ma.gov.br,BR_Compras,BR,PT
presidencia@fenaju.com.br,BR_Compras,BR,PT
presidencia@mafrinorte.com.br,ABIEC_member,BR,PT
presidente@emdagro.se.gov.br,BR_Compras,BR,PT
qualitymanaus@hotmail.com,,BR,PT
ranilsonmelo@hotmail.com,MERCOSUR_SmallProducers,BR,PT
recepcao@agrfamosa.com.br,MERCOSUR_SmallProducers,BR,PT
recepcao@frigorificovalencio.com.br,,BR,PT
recrutamento.sjp@grupoargus.com.br,ABIEC_member,BR,PT
roberto@planesagro.com.br,MERCOSUR_SmallProducers,BR,PT
rocha@alegriaproduce.com,MERCOSUR_SmallProducers,BR,PT
rodrigo.zanolo@merck.com,PEIXEBR,BR,PT
rodrigo@nossofrigorifico.com.br,,BR,PT
ruan@matafresca.com.br,MERCOSUR_SmallProducers,BR,PT
sa@cm-pombal.pt,BR_Compras,BR,PT
sac@barramansaalimentos.com.br,ABIEC_member,BR,PT
sac@frigomarca.com.br,ABIEC_member,BR,PT
sac@frigon.com.br,ABIEC_member,BR,PT
sac@frigorificosaofrancisco.com.br,,BR,PT
secjaborandi@uol.com.br,BR_Compras,BR,PT
secretaria@agrociencia.coop.br,MERCOSUR_SmallProducers,BR,PT
secretaria@faculdadecna.edu.br,CNA_Agricultura,BR,PT
seducmag@ig.com.br,BR_Compras,BR,PT
sema@sema.se.gov.br,BR_Compras,BR,PT
senar@senar.org.br,CNA_Agricultura,BR,PT
senar@senarminas.org.br,BR_States_MG,BR,PT
societario@vlma.com.br,MERCOSUR_SmallProducers,BR,PT
suzane_almeida@sicredi.com.br,MERCOSUR_SmallProducers,BR,PT
tributariocsc@brf.com,MERCOSUR_BR_Exporters,BR,PT
tributos.rfb@jbs.com.br,MERCOSUR_Beef,BR,PT
ttiagojonatasm@gmail.com,MERCOSUR_SmallProducers,BR,PT
vendas@frigon.com.br,,BR,PT
victor@vpg.arq.br,PEIXEBR,BR,PT
wendell.lima@frigomarca.com.br,,BR,PT
world@plenaalimentos.com.br,,BR,PT
estado_verde_footer-copia-3@2x.png,CL_ProChile,CL,ES
prensa.prochile@prochile.gob.cl,CL_ProChile,CL,ES
sofofa@sofofa.cl,CL_ProChile,CL,ES
a.burguillos.d@gmail.com,CO_SECOP,CO,ES
accueil@marisol.fr,CO_SECOP,CO,ES
admin@ixo-france.fr,CO_SECOP,CO,ES
analdex@analdex.org,CO_ProColombia,CO,ES
angelasrlseap@gmail.com,CO_SECOP,CO,ES
bids@steergroup.com,CO_SECOP,CO,ES
contact@agc-constructionbois.fr,CO_SECOP,CO,ES
contact@etb57.fr,CO_SECOP,CO,ES
contact@lucia-energie.fr,CO_SECOP,CO,ES
controlo.credito@merckgroup.com,CO_SECOP,CO,ES
cpc@etscpc.fr,CO_SECOP,CO,ES
iicahq@iica.int,agri_campaign_scraped,CO,ES
info.sweden@icumed.com,CO_SECOP,CO,ES
innomed@legalmail.it,CO_SECOP,CO,ES
lseuropeorders@beckman.com,CO_SECOP,CO,ES
med.offres.func@siemens-healthineers.com,CO_SECOP,CO,ES
office@data-experts.de,CO_SECOP,CO,ES
p.heraly@air.be,CO_SECOP,CO,ES
przetargi.pl@smith-nephew.com,CO_SECOP,CO,ES
restaurant-les-4-chemins@orange.fr,CO_SECOP,CO,ES
brenda.achucarro@uip.org.py,PY_REDIEX,PY,ES
consultas@mic.gov.py,PY_REDIEX,PY,ES
romina.valdez@uip.org.py,PY_REDIEX,PY,ES
uip@uip.org.py,PY_REDIEX,PY,ES
2serie@diariodarepublica.pt,UY_RUPE,UY,ES
a.schmitt@dlc-gmbh.eu,UY_RUPE,UY,ES
aalvarezv@expalsystems.com,UY_RUPE,UY,ES
abarly@abarly.net,UY_UruguayXXI,UY,ES
abastecimientos@abastecimientos.com.uy,UY_UruguayXXI,UY,ES
ac-toulouse.nis@orange.com,UY_RUPE,UY,ES
accessoriesandcomponents@segers.aero,UY_RUPE,UY,ES
accueil@laurentsarl.fr,UY_RUPE,UY,ES
adamw@mpi.ltd.uk,UY_RUPE,UY,ES
adminadv@sa-bvs.fr,UY_RUPE,UY,ES
administracion@logimedsl.net,UY_RUPE,UY,ES
administratif@requiem-desinfection.fr,UY_RUPE,UY,ES
ahandabura@bloomberg.net,UY_RUPE,UY,ES
alex.petit@spglobal.com,UY_RUPE,UY,ES
alex@fedur.com,UY_RUPE,UY,ES
alexfang.fang@zttcable.com,UY_RUPE,UY,ES
alfonso.saco@sener.es,UY_RUPE,UY,ES
alfonssolariera@gmail.com,UY_RUPE,UY,ES
alina.radulescu@multitech.ro,UY_RUPE,UY,ES
am24-15@ayesa.com,UY_RUPE,UY,ES
ambiente@idom.com,UY_RUPE,UY,ES
amiante@valgo.com,UY_RUPE,UY,ES
ana.beato@springer.com,UY_RUPE,UY,ES
andrijauskasdar@gmail.com,UY_RUPE,UY,ES
animaproterra@yahoo.com,UY_RUPE,UY,ES
antaresmodugno@libero.it,UY_RUPE,UY,ES
antel@antel.com.uy,UY_UruguayXXI,UY,ES
antoine.vaz@alloga.fr,UY_RUPE,UY,ES
ao@locate.fr,UY_RUPE,UY,ES
aoprovince@fr.scc.com,UY_RUPE,UY,ES
aquanet@aquanet.pl,UY_RUPE,UY,ES
arcolecce@pec.it,UY_RUPE,UY,ES
area.gonzalez@aak.com,UY_UruguayXXI,UY,ES
areacommerciale@pec.tecnomedicasrl.it,UY_RUPE,UY,ES
ausschreibungen@efecto.de,UY_RUPE,UY,ES
ausschreibungen@prosis.de,UY_RUPE,UY,ES
ausschreibungende@ld-didactic.de,UY_RUPE,UY,ES
austrianaf@aegfuels.com,UY_RUPE,UY,ES
bartosz.sulek@idemia.com,UY_RUPE,UY,ES
bemar.srl@arubapec.it,UY_RUPE,UY,ES
beneluxpr@mathworks.com,UY_RUPE,UY,ES
bewachung@email.de,UY_RUPE,UY,ES
bidadmin@buddi.co.uk,UY_RUPE,UY,ES
bieterportal-alt@deutschebahn.com,UY_RUPE,UY,ES
biuro@aldesa.pl,UY_RUPE,UY,ES
bpevee@green-tech.be,UY_RUPE,UY,ES
brijesh.mohan@mku.com,UY_RUPE,UY,ES
buettner@agt-mainz.de,UY_RUPE,UY,ES
c.biercher@multiservicegroup.de,UY_RUPE,UY,ES
candidatures@cotec-ing.com,UY_RUPE,UY,ES
cardama@cardamashipyard.com,UY_RUPE,UY,ES
carina.ofner@avl.com,UY_RUPE,UY,ES
cbj@ssidiagnostica.com,UY_RUPE,UY,ES
cgaume@simonin.com,UY_RUPE,UY,ES
charlotte.baudouin@valentintp.com,UY_RUPE,UY,ES
chyde@bullseye.ie,UY_RUPE,UY,ES
clients@blackbull-group.com,UY_RUPE,UY,ES
comercial@instalaza.es,UY_RUPE,UY,ES
comercial@meteorage.com,UY_RUPE,UY,ES
comext@abarly.net,UY_UruguayXXI,UY,ES
commerciale@maddalena.legalmail.it,UY_RUPE,UY,ES
comsa_croatia@comsa.com,UY_RUPE,UY,ES
contact.pro@monnaiedeparis.fr,UY_RUPE,UY,ES
contact@adrenaline-ee.com,UY_RUPE,UY,ES
contact@arcadia-be.fr,UY_RUPE,UY,ES
contact@cmpbatiment.fr,UY_RUPE,UY,ES
contact@dupre.fr,UY_RUPE,UY,ES
contact@ecovia.fr,UY_RUPE,UY,ES
contact@ingroupe.com,UY_RUPE,UY,ES
contact@merelec.fr,UY_RUPE,UY,ES
contact@produco.fr,UY_RUPE,UY,ES
contact@soltech-reunion.fr,UY_RUPE,UY,ES
contact@sosremorquage.fr,UY_RUPE,UY,ES
contact@soubise-event.fr,UY_RUPE,UY,ES
contact@techlinesa.com,UY_RUPE,UY,ES
contactcenter_germany@keysight.com,UY_RUPE,UY,ES
contacto@uc3m.es,UY_RUPE,UY,ES
cosan@pec.edilab.it,UY_RUPE,UY,ES
cq.ofertas_bac@socotec.com,UY_RUPE,UY,ES
cristina.gania@printman.ro,UY_RUPE,UY,ES
customer@wiley.com,UY_RUPE,UY,ES
d.a.abbink@tudelft.nl,UY_RUPE,UY,ES
d.edelsbacher@hr-group.co.at,UY_RUPE,UY,ES
d.wessels@greenit.systems,UY_RUPE,UY,ES
dan.rist@elbitsystems.com,UY_RUPE,UY,ES
dc.brli@brl.fr,UY_RUPE,UY,ES
dcox@esbco.com,UY_RUPE,UY,ES
dehesselle@medical-plus.de,UY_RUPE,UY,ES
delisa@legalmail.it,UY_RUPE,UY,ES
denmark.order@thermofisher.com,UY_RUPE,UY,ES
design@mb-capital-services.de,UY_RUPE,UY,ES
dgeneral@ifema.es,UY_RUPE,UY,ES
diagonal@diagonal-architecture.fr,UY_RUPE,UY,ES
dirk.facius@licor.com,UY_RUPE,UY,ES
drzislav.dlesk@infodata.hr,UY_RUPE,UY,ES
dummy@example.com,UY_RUPE,UY,ES
dyn.kim@hyosung.com,UY_RUPE,UY,ES
ecolab.ufficiopersonale@legalmail.it,UY_RUPE,UY,ES
econsultingsrls@pec.it,UY_RUPE,UY,ES
ecoservicespa@pec.it,UY_RUPE,UY,ES
electroind98@yahoo.com,UY_RUPE,UY,ES
electromec_s_a@yahoo.com,UY_RUPE,UY,ES
elopez@atfisica.com,UY_RUPE,UY,ES
emd@emd.dk,UY_RUPE,UY,ES
emearfp@qualtrics.com,UY_RUPE,UY,ES
emedical@legalmail.it,UY_RUPE,UY,ES
emedien-tender@obvsg.at,UY_RUPE,UY,ES
emilio@conelecsa.es,UY_RUPE,UY,ES
emu_ad@abv.bg,UY_RUPE,UY,ES
eptisa@eptisa.com,UY_RUPE,UY,ES
equipe.hyperion@gmail.com,UY_RUPE,UY,ES
erik.straube@andritz.com,UY_RUPE,UY,ES
f.serban@cenit.com,UY_RUPE,UY,ES
fau@fau-gmbh.de,UY_RUPE,UY,ES
fimaschieti@legalmail.it,UY_RUPE,UY,ES
forstdienstleistung-martin@gmx.de,UY_RUPE,UY,ES
france@tek.com,UY_RUPE,UY,ES
franciscos@lesker.com,UY_RUPE,UY,ES
franck.viand@grassavoye.com,UY_RUPE,UY,ES
furia@legalmail.it,UY_RUPE,UY,ES
gas-service@flsmidth.com,UY_RUPE,UY,ES
gecos1989@pec.it,UY_RUPE,UY,ES
geoinvest@legalmail.it,UY_RUPE,UY,ES
ger2011@legalmail.it,UY_RUPE,UY,ES
geral@abborges.pt,UY_RUPE,UY,ES
geral@esistemas.pt,UY_RUPE,UY,ES
giuseppe.palmeri@megger.com,UY_RUPE,UY,ES
gordon_hope@tcturbines.com,UY_RUPE,UY,ES
greffe.ta-versaillles@juradm.fr,UY_RUPE,UY,ES
grossobv@yahoo.com,UY_RUPE,UY,ES
heinz.repin@sd-gmbh.org,UY_RUPE,UY,ES
hgunawardana@clearpathrobotics.com,UY_RUPE,UY,ES
hitachienergyitaly@legalmail.it,UY_RUPE,UY,ES
ian.mcfarlane@refinitiv.com,UY_RUPE,UY,ES
ic@pec.ingegnericonsulenti.com,UY_RUPE,UY,ES
icitaciones@ofiteco.com,UY_RUPE,UY,ES
idiada@idiada.com,UY_RUPE,UY,ES
igc_srl@pec.it,UY_RUPE,UY,ES
imivivo@imi-critical.com,UY_RUPE,UY,ES
indra@indracompany.com,UY_RUPE,UY,ES
info.de@malvernpanalytical.com,UY_RUPE,UY,ES
info.swiss@leica-geosystems.com,UY_RUPE,UY,ES
info.witec@oxinst.com,UY_RUPE,UY,ES
info@absteny.com,UY_UruguayXXI,UY,ES
info@adm.com.uy,UY_UruguayXXI,UY,ES
info@aerofil.com.uy,UY_UruguayXXI,UY,ES
info@airbus.com,UY_RUPE,UY,ES
info@ams-mbt.de,UY_RUPE,UY,ES
info@anton-paar.com,UY_RUPE,UY,ES
info@artus-architekten.de,UY_RUPE,UY,ES
info@asm-breitungen.de,UY_RUPE,UY,ES
info@aspentech.com,UY_RUPE,UY,ES
info@at.enersys.com,UY_RUPE,UY,ES
info@ateliercortile.com,UY_RUPE,UY,ES
info@bauer-suedlohn.com,UY_RUPE,UY,ES
info@bruker.com,UY_RUPE,UY,ES
info@cedieurope.com,UY_RUPE,UY,ES
info@cer112.com,UY_RUPE,UY,ES
info@cidap.it,UY_RUPE,UY,ES
info@conval.nl,UY_RUPE,UY,ES
info@deme-group.com,UY_RUPE,UY,ES
info@distinto.nl,UY_RUPE,UY,ES
info@dspace.de,UY_RUPE,UY,ES
info@ecos.eu,UY_RUPE,UY,ES
info@ge.com,UY_RUPE,UY,ES
info@gemitaly.it,UY_RUPE,UY,ES
info@grafitec.it,UY_RUPE,UY,ES
info@gunvorgroup.com,UY_RUPE,UY,ES
info@highfinesse.de,UY_RUPE,UY,ES
info@inco-srl.it,UY_RUPE,UY,ES
info@italforsrl.com,UY_RUPE,UY,ES
info@larodan.se,UY_RUPE,UY,ES
info@mec-bau.de,UY_RUPE,UY,ES
info@melcox.com,UY_RUPE,UY,ES
info@messe-berlin.de,UY_RUPE,UY,ES
info@metec-fenster.de,UY_RUPE,UY,ES
info@mmm-sanimobel.com,UY_RUPE,UY,ES
info@opcion.com.uy,UY_RUPE,UY,ES
info@pec.ariessrl.com,UY_RUPE,UY,ES
info@pec.marnonet.it,UY_RUPE,UY,ES
info@pec.medicaitalia.com,UY_RUPE,UY,ES
info@pfisterer.at,UY_RUPE,UY,ES
info@plasson.de,UY_RUPE,UY,ES
info@psi.ch,UY_RUPE,UY,ES
info@redbox.it,UY_RUPE,UY,ES
info@safe-lab.com,UY_RUPE,UY,ES
info@seidor.com,UY_RUPE,UY,ES
info@task-gmbh.com,UY_RUPE,UY,ES
info@tecnoambiente.com,UY_RUPE,UY,ES
info@teleco.it,UY_RUPE,UY,ES
info@timberlake.co.uk,UY_RUPE,UY,ES
info@tmcsrl.it,UY_RUPE,UY,ES
info@toptica.com,UY_RUPE,UY,ES
info@ts-srl.it,UY_RUPE,UY,ES
info@vanoord.com,UY_RUPE,UY,ES
info@veridos.com,UY_RUPE,UY,ES
info@vertec-gmbh.de,UY_RUPE,UY,ES
ingenium@pec.it,UY_RUPE,UY,ES
innovaspa@legalmail.it,UY_RUPE,UY,ES
intermedicasrl@interfreepec.it,UY_RUPE,UY,ES
issel@arias.de,UY_RUPE,UY,ES
it-servizioclienti.abbsace@abb.com,UY_RUPE,UY,ES
ivan.vlasich@frequentis.com,UY_RUPE,UY,ES
ivo.strejcek@stvgroup.cz,UY_RUPE,UY,ES
jackson.drake@trafigura.com,UY_RUPE,UY,ES
javna.nabava@jadrolinija.hr,UY_RUPE,UY,ES
jean.soula@memento-solution.com,UY_RUPE,UY,ES
jesper.randall.petersen@pwc.com,UY_RUPE,UY,ES
jmespinar@typsa.es,UY_RUPE,UY,ES
jmiguel.perez@siemens-energy.com,UY_RUPE,UY,ES
john.fort@frequentis.com,UY_RUPE,UY,ES
joshua.palmer@argusmedia.com,UY_RUPE,UY,ES
jsaras@indra.es,UY_RUPE,UY,ES
justus.olijslager@nanoporetech.com,UY_RUPE,UY,ES
jvervoort@flowserve.com,UY_RUPE,UY,ES
jw@laoficina.dk,UY_RUPE,UY,ES
karel.holvoet@sima.be,UY_RUPE,UY,ES
karen.faix@mtu.de,UY_RUPE,UY,ES
kasper@rbk-bonn.de,UY_RUPE,UY,ES
kay.leschick@ritz-international.com,UY_RUPE,UY,ES
kemper@empirica-institut.de,UY_RUPE,UY,ES
ketil.horn@nortekgroup.com,UY_RUPE,UY,ES
konradgrech@kpmg.com.mt,UY_RUPE,UY,ES
kotelesdieter@me.com,UY_RUPE,UY,ES
laure-anne.luyckx@marsh.com,UY_RUPE,UY,ES
leipzig@ludwigpfeiffer.com,UY_RUPE,UY,ES
leonard.mcauliffe@pwc.com,UY_RUPE,UY,ES
leonardo@pec.leonardo.com,UY_RUPE,UY,ES
leticia.nuniez@uy.abb.com,UY_UruguayXXI,UY,ES
leticiamateo@tecnove.com,UY_RUPE,UY,ES
lia.sniatowschi@creativemed.ro,UY_RUPE,UY,ES
licitaciones.nacionales@tecnalia.com,UY_RUPE,UY,ES
licitaciones@proyfe.com,UY_RUPE,UY,ES
licitaciones@scharlab.com,UY_RUPE,UY,ES
licitatii@gmsolution.ro,UY_RUPE,UY,ES
linkit@pec.it,UY_RUPE,UY,ES
lisa.hopgood@rxglobal.com,UY_RUPE,UY,ES
lubf.ent-marches-publics@total.com,UY_RUPE,UY,ES
luigina.pau@repl.com,UY_RUPE,UY,ES
lukeh@cosmed.it,UY_RUPE,UY,ES
lumasrlpa@pec.it,UY_RUPE,UY,ES
lumican-tf@grupoetra.com,UY_RUPE,UY,ES
m.deseta@lavanderiapacifico.it,UY_RUPE,UY,ES
mafer@pec.it,UY_RUPE,UY,ES
mail@pec.geodes.it,UY_RUPE,UY,ES
maragenova@pec.it,UY_RUPE,UY,ES
marchesbiocodex@biocodex.fr,UY_RUPE,UY,ES
marialuisa.balconi@cesi.it,UY_RUPE,UY,ES
marie.dufourg@valorem-energie.com,UY_RUPE,UY,ES
market.intelligence@spglobal.com,UY_RUPE,UY,ES
market@ramor.com.pl,UY_RUPE,UY,ES
marketing_sales_coordination@miltenyibiotec.de,UY_RUPE,UY,ES
marta.schmidt@bruker.com,UY_RUPE,UY,ES
martin.meissner@ge.com,UY_RUPE,UY,ES
martin@absteny.com,UY_UruguayXXI,UY,ES
matec@matec-dresden.de,UY_RUPE,UY,ES
mateo.perez@elecnor.com,UY_RUPE,UY,ES
mecarsrl@pec.it,UY_RUPE,UY,ES
medinovasrl@legalpecitalia.it,UY_RUPE,UY,ES
mennica@mennica.com.pl,UY_RUPE,UY,ES
mihaela_manescu@yahoo.com,UY_RUPE,UY,ES
mohammet.parlak@royaldutchmint.com,UY_RUPE,UY,ES
mstafford@techcom.ie,UY_RUPE,UY,ES
muenchen@mateco.de,UY_RUPE,UY,ES
najat.nassiri@malvernpanalytical.com,UY_RUPE,UY,ES
namisrls@pec.it,UY_RUPE,UY,ES
natalia.gorczynska@onesa.pl,UY_RUPE,UY,ES
naturasrl@legalmail.it,UY_RUPE,UY,ES
nbspec@pec.it,UY_RUPE,UY,ES
net.pro.service2@gmail.com,UY_RUPE,UY,ES
nicos.efstathiou@a4cyprus.com,UY_RUPE,UY,ES
nordis@ute.com.uy,UY_UruguayXXI,UY,ES
o.creane@elsevier.com,UY_RUPE,UY,ES
o.zlobina@biox.com,UY_RUPE,UY,ES
ofertas@vtisl.com,UY_RUPE,UY,ES
ofertowanie@uniserv.pl,UY_RUPE,UY,ES
office@alma.biz.pl,UY_RUPE,UY,ES
office@dolphinconstruct.ro,UY_RUPE,UY,ES
office@fairservices.net,UY_RUPE,UY,ES
office@isg.com,UY_RUPE,UY,ES
office@memory.ro,UY_RUPE,UY,ES
office@nitech.ro,UY_RUPE,UY,ES
oir@oir.at,UY_RUPE,UY,ES
omar.zahid@johnhogg.co.uk,UY_RUPE,UY,ES
order@trios.de,UY_RUPE,UY,ES
orders@turnitin.com,UY_RUPE,UY,ES
ost@legalmail.it,UY_RUPE,UY,ES
p.oroemi@elsevier.com,UY_RUPE,UY,ES
pascal.steffen@bruker.com,UY_RUPE,UY,ES
pbernengo@ancap.com.uy,UY_UruguayXXI,UY,ES
per.brostrom@ericsson.com,UY_RUPE,UY,ES
pgatta@kpmg.fr,UY_RUPE,UY,ES
pierre.martin@burckhardtcompression.com,UY_RUPE,UY,ES
pim.michielsen@sgs.com,UY_RUPE,UY,ES
posta.certificata@pec.geogym.it,UY_RUPE,UY,ES
pradal@pec.it,UY_RUPE,UY,ES
precon_91@yahoo.com,UY_RUPE,UY,ES
progettimedical@pec.it,UY_RUPE,UY,ES
propia@hotmail.fr,UY_RUPE,UY,ES
protecsrl@pecimprese.it,UY_RUPE,UY,ES
prs@prsecurite.com,UY_RUPE,UY,ES
przesmyslaw.wojcik@ampsa.pl,UY_RUPE,UY,ES
przetargi.mdd@its.jnj.com,UY_RUPE,UY,ES
przetargi@abbvie.com,UY_RUPE,UY,ES
przetargi@biotech.pl,UY_RUPE,UY,ES
publicservicesbidoffice@cronos.be,UY_RUPE,UY,ES
pulsar.tran@gmail.com,UY_RUPE,UY,ES
py.quentier@ecotech77.fr,UY_RUPE,UY,ES
r.bader@andor.com,UY_RUPE,UY,ES
r.garcia@cablescom.com,UY_RUPE,UY,ES
relmont@gmail.com,UY_RUPE,UY,ES
rgoddard@caylym.com,UY_RUPE,UY,ES
rhiann.lush@rsgroup.com,UY_RUPE,UY,ES
rhigueras@grupocobra.com,UY_RUPE,UY,ES
richard.coldrick@elekta.com,UY_RUPE,UY,ES
riham.najjar@lgcgroup.com,UY_RUPE,UY,ES
rnavarro@tabspain.com,UY_RUPE,UY,ES
roland.schwaiger@nor.gmbh,UY_RUPE,UY,ES
romania.info@alfalaval.com,UY_RUPE,UY,ES
rotter@promet-gruppe.de,UY_RUPE,UY,ES
rpemartin@gruposantander.es,UY_RUPE,UY,ES
sales.de@thorlabs.com,UY_RUPE,UY,ES
sales@eijkelkamp.com,UY_RUPE,UY,ES
sales@iblsoft.com,UY_RUPE,UY,ES
sales@rsacosmos.com,UY_RUPE,UY,ES
sales@seco.be,UY_RUPE,UY,ES
santi@mabrian.com,UY_RUPE,UY,ES
sarltorres@sfr.fr,UY_RUPE,UY,ES
sbt-service.lu@siemens.com,UY_RUPE,UY,ES
scdelcar2005@gmail.com,UY_RUPE,UY,ES
sctrileniumsrl@gmail.com,UY_RUPE,UY,ES
secretariat@bercat.fr,UY_RUPE,UY,ES
sekretariat.pg@pwpw.pl,UY_RUPE,UY,ES
sepa@tsapec.it,UY_RUPE,UY,ES
service.scalvinoni@gmail.com,UY_RUPE,UY,ES
servicemarches@hemotech.fr,UY_RUPE,UY,ES
sicaro_bv@yahoo.com,UY_RUPE,UY,ES
siriocercola@legalmail.it,UY_RUPE,UY,ES
solagro@solagro.asso.fr,UY_RUPE,UY,ES
sprzedaz@greensa.waw.pl,UY_RUPE,UY,ES
stefan.link@man.eu,UY_RUPE,UY,ES
suheil.abdo@fmgranada.com,UY_RUPE,UY,ES
supply.biotrade@gmail.com,UY_RUPE,UY,ES
support@lexisnexis.eu,UY_RUPE,UY,ES
support@nanoporetech.com,UY_RUPE,UY,ES
suzanne.vanderbrugge@shell.com,UY_RUPE,UY,ES
sylvie.demars@arteliagroup.com,UY_RUPE,UY,ES
tarmi-segrprotocolloamm@ga-cert.it,UY_RUPE,UY,ES
taz-gmbh@taz-weissenfels.de,UY_RUPE,UY,ES
tcvalencia@torrescamara.es,UY_RUPE,UY,ES
tenders@campbellsci.co.uk,UY_RUPE,UY,ES
tenders@imdc.be,UY_RUPE,UY,ES
tis.mfeu.marketing@trelleborg.com,UY_RUPE,UY,ES
trini@tirant.com,UY_RUPE,UY,ES
tyciudad@territorioyciudad.com,UY_RUPE,UY,ES
ulrich.ammer@dilo-gmbh.com,UY_RUPE,UY,ES
ute@ute.com.uy,UY_UruguayXXI,UY,ES
valerie_scaniglia@edwards.com,UY_RUPE,UY,ES
vendite@pec.fiorentini.com,UY_RUPE,UY,ES
ventas@abedil.com.uy,UY_UruguayXXI,UY,ES
ventas@infoland.com.uy,UY_UruguayXXI,UY,ES
veratech@veratech.es,UY_RUPE,UY,ES
vergabe@bdo.at,UY_RUPE,UY,ES
verwaltung@geofly.eu,UY_RUPE,UY,ES
vetroplastsrl@securposta.net,UY_RUPE,UY,ES
visan.alexandrasilvia@yahoo.ro,UY_RUPE,UY,ES
w.schoenewolf@dgs-maschinen.de,UY_RUPE,UY,ES
wclemens@sammarketing.de,UY_RUPE,UY,ES
y.jacob@efitec.re,UY_RUPE,UY,ES
yann.tanghe@impprove.be,UY_RUPE,UY,ES
yassine.a@arbin.com,UY_RUPE,UY,ES
ylopezpozuelo@acciona.es,UY_RUPE,UY,ES
yves.peiffer@elep.be,UY_RUPE,UY,ES
