denumire,cui,email
NICAR SRL,,
POSTA ROMANA SA,,
INFORMATICA FEROVIARA SA,,
GRUP EXPL INTRET PALAT CFR,,
ROSERVOTECH SRL,,
MAGNET BUSINESS SRL,,
GROUPAMA ASIGURARI SA,,
TELECOMUNICATII CFR SA,,
PRIMARIA SECTOR 1 BUCURESTI,,
GELUTECH LABORATOR FORTE SRL,,
ITG ONLINE SRL,,
MANPRES DISTRIBUTION SRL,,
COSTACHE GEO CAD SRL,,
ELECTRICA FURNIZARE SA,,
APA NOVA BUCURESTI SA,,
ASOCIAT DE ACREDITARE RO RENAR,,
COMPANIA ROMPREST SERVICE SA,,
ZANIAT COM,,
ALTEX ROMANIA SRL,,
OMV PETROM MARKETING SRL,,
METROMAT SRL,,
CYBER SOCIETY DIVISION SRL,,
PPC ENERGIE SA,,
INDACO SYSTEMS SRL,,
DIGI ROMANIA SA,,
INCERTRANS SA,,
SGPI SECURITY FORCE SRL,,
ADMIN BAZINALA A APELOR BUZAU,,
AVI INTERNATIONAL SRL,,
ENGIE ROMANIA SA,,
ELECTRIFICARE CFR SA,,
GLOBAL CASH CARY SRL,,
CNCFR REGIONALA GALATI,,
SOCIATIA DE STANDARDIZAR ASRO,,
SPER CORPORATIA DE LOGISTICA,,
RENTROP STRATON GRUP DE EDITUR,,
VODAFONE ROMANIA SA,,
OTIS LIFT SRL,,
ALMA WATER PROIECT SRL,,
ASFR,,
ORANGE ROMANIA SA,,
DMIN BAZINALA APELOR BUZAU,,
VLAD INSTAL SRL,,
AUTO WASH IMPEX SRL,,
JINFO TOURS SRL,,
DIRECTIA DE SANATATE PUB BUZAU,,
DEDEMAN,,
MIDA SOFT BUSINESS SRL,,
LINDE GAZ ROMANIA SRL,,
CENAFER,,
PROMAC SA,,
CUBIX IT SRL,,
NESTE AUTOMOTIVE SRL,,
CTCE PIATRA NEAMT SA,,
BIROUL ROMAN DE METROLOGIE LE,,
FANPLACE IT SRL,,
MEDLIFE SA,,
DNS BIROTICA SRL,,
PROFLEX PLOIESTI PH SRL,,
ASOCIATIA DE STANDARDIZAR ASRO,,
WOLTERS KLUWER ROMANIA SRL,,
RDT OFFICE,,
TRANSTEHNIC SRL,,
ITG ONLINE  SRL,,
ULM CART SRL,,
ARCADA COMPANY SA,,
CNCIR SA,,
OLIMPIC INTERNATIONAL TURISM,,
BIROUL ROMAN DE METROLOGIE,,
OFFICE MORE SRL,,
P PLUS 2002 SRL,,
DEDEMAN SRL,,
FOXX COLOR SRL,,
CTCE SA PIATRA NEAMT,,
INSIDE DIVISION SRL,,
ADMIN BAZINALA APELOR BUZAU,,
BRML INSTITUTUL NATIONAL DE ME,,
ASOCIAT ROMANA PT CALITATE ARC,,
MCR PROD SRL,,
SMART DIGITAL INNOVATION IT,,
OMNIASIG VIENNA INSURANCE,,
POSTA ROMANA,,
OPEN MINDS CONSULTING SRL,,
J INFO TOURS srl,,
ITP SERVICE AUTO CONCEPT SRL,,
STRABAG SRL,,
ADMINISTRATIA BAZINALA A APELO,,
AUTO WASH IMPEX S R L,,
DARGOV SRL,,
ROSERVOTECH,,
ASOCIATIA ROMANA PENTRU CALITA,,
WUNDER HAFF,,
MONITORUL OFICIALRA,,
CNCF CFR  SUC  REG  DE CF GAL,,
COMP Nat pt Controlul Cazanelo,,
BEST IMAGE AGENTY SRL,,
RENAR  BUCURESTI,,
